0,3960
1,18
2,11
3,15
4,6
5,1290
6,300
7,3545
8,2.9
9,36
10,41
11,105
12,80
13,56
14,36
15,8172
16,16
17,23.9
18,322.5
19,10
20,12
21,5
22,100
23,68
24,48
25,53
26,19
27,48
28,1.884
29,1950
30,3.6
31,80
32,9
33,720
34,36
35,21
36,251
37,5
38,14/15
39,48
40,200
41,24
42,1000
43,500
44,4
45,17
46,95
47,288
48,40
49,280
50,656
51,9
52,7600
53,280
54,778
55,120
56,142
57,4875
58,1248
59,2
60,13
61,1191
62,300
63,738
64,1176
65,684
66,13198.8
67,400
68,3360
69,765
70,3
71,96
72,6600
73,3/2
74,125
75,3.8
76,2.5
77,3/10
78,24
79,194
80,1.4
81,66
82,8
83,392
84,260
85,20
86,15
87,60
88,398
89,374
90,4.32
91,20
92,20
93,1495
94,400
95,10
96,8
97,16
98,3
99,260
100,2288
101,400
102,3486
103,13
104,5
105,20
106,5
107,20427.5
108,10.9
109,3
110,7/10
111,1200
112,560
113,100
114,17
115,160
116,4955
117,623
118,192
119,124
120,1.84
121,12
122,25
123,79
124,20000
125,90
126,380
127,0.3
128,124
129,770
130,7
131,4191
132,10
133,9
134,11200
135,8
136,595
137,50
138,24
139,87
140,90
141,110
142,96
143,15
144,80
145,356
146,15
147,8400
148,4800
149,8
150,2/9
151,494
152,2
153,490
154,8000
155,3
156,1.25
157,300
158,58
159,580
160,30
161,20
162,5
163,6
164,28
165,1350
166,336
167,775
168,10
169,312
170,10
171,35
172,280
173,144
174,24/35
175,14
176,44
177,9
178,8
179,12
180,20
181,64
182,6
183,27
184,13/20
185,650
186,5000
187,10
188,312
189,15
190,782
191,39
192,10395
193,880
194,6000
195,1372
196,704
197,84.78
198,450
199,8.5
200,450
201,114
202,18
203,13
204,2000
205,40
206,4/9
207,6
208,39
209,42666
210,6
211,69
212,3081
213,30484.58
214,5
215,612500
216,425
217,4.25
218,63024
219,2000000
220,5
221,333
222,20
223,16
224,100
225,1872
226,32
227,9
228,6/7
229,20
230,190
231,293
232,3300
233,207
234,684
235,3500
236,255
237,5000
238,1
239,205
240,916
241,282000
242,13
243,5375
244,432
245,3
246,25
247,41
248,240
249,9
250,3.1
251,60
252,3162
253,1260
254,95
255,6000
256,1536
257,7
258,490
259,5
260,2700
261,120.875
262,35.583
263,192
264,4.8
265,6
266,11
267,276
268,26
269,94
270,25000
271,12300
272,7.5
273,20
274,520
275,1355
276,289
277,5.4
278,32
279,750
280,48
281,8
282,6
283,736
284,64
285,18
286,240
287,579
288,3.96
289,22500
290,944
291,5
292,8
293,546
294,16
295,21
296,5280
297,10
298,4
299,91
300,224
301,27/20
302,8
303,8
304,81
305,314
306,36
307,20
308,50
309,35
310,102.8
311,450
312,31
313,2/7
314,36
315,60
316,4
317,324
318,60
319,20
320,8
321,432
322,1/2
323,21/40
324,1/5
325,6
326,3450
327,71.25
328,890
329,4
330,10525
331,434000
332,16000
333,300
334,4/7
335,1344
336,15
337,27
338,1
339,10
340,62.5
341,90
342,21
343,7
344,60
345,48
346,48
347,5
348,425
349,12
350,0.32
351,600
352,465
353,1588
354,168
355,140
356,165.5
357,3
358,25000
359,4
360,11310
361,1256
362,45
363,9
364,27.5
365,540
366,1/35
367,32
368,1
369,209
370,150
371,242
372,9
373,7
374,36
375,1350
376,591
377,10
378,4429
379,1
380,70
381,43
382,2/5
383,624
384,56375
385,90
386,60
387,65.94
388,300
389,19
390,15
391,1260
392,768
393,800
394,384
395,1150
396,450
397,11
398,6592
399,13
400,1656
401,136
402,864
403,9
404,1175
405,32
406,60
407,4/15
408,2
409,3.14
410,12
411,5
412,1/4
413,800
414,10
415,258
416,55
417,40
418,1320
419,20
420,2
421,500
422,303
423,102.5
424,1.12
425,14.32
426,1.8
427,480
428,108
429,2000
430,580
431,1280
432,384
433,112
434,12960
435,31
436,408
437,44
438,1.275
439,6300
440,1/4
441,45
442,410
443,87.5
444,64
445,765
446,3
447,0.45
448,20
449,1920
450,1036
451,68
452,38.5
453,10
454,30
455,133
456,1080
457,0.2
458,76
459,390
460,24
461,2400
462,32
463,816
464,12
465,1710
466,330
467,246
468,21
469,30
470,12
471,24
472,700
473,125.6
474,6
475,21
476,534
477,10
478,1152
479,231
480,32
481,133
482,3
483,3
484,30
485,80
486,132
487,216
488,15
489,1204
490,4
491,96
492,260
493,44.72
494,440
495,2046
496,10800000
497,1440
498,100
499,1344
500,272
501,1555
502,320
503,750
504,889
505,639
506,450
507,700
508,188.4
509,78
510,13200
511,14
512,3/40
513,3.5
514,120
515,55
516,786
517,4
518,2/6
519,322
520,5
521,8
522,355
523,1800
524,3/8
525,100
526,340
527,100
528,30
529,10
530,120
531,4
532,150
533,52.65
534,6
535,4.5
536,1.44
537,21
538,7
539,96
540,270
541,100
542,216
543,1350
544,44
545,120
546,3
547,84
548,10
549,108
550,1730
551,25
552,48
553,9
554,1100
555,750
556,11
557,33
558,5
559,50.24
560,17
561,6
562,5
563,90
564,47
565,60
566,840
567,147
568,560
569,1850
570,266
571,16.8
572,10700
573,24
574,7500
575,45
576,5
577,1.92
578,150
579,240
580,1960
581,4
582,348.6
583,576
584,8
585,12
586,11
587,33
588,50
589,240
590,79
591,16
592,30
593,40
594,10
595,16
596,0.45
597,930
598,192
599,20000
600,1274
601,12.5
602,15
603,100
604,240
605,2/5
606,2
607,60
608,5
609,62
610,90
611,18
612,696
613,180
614,9.6
615,117000
616,97.20
617,40
618,28260
619,90
620,89.4
621,50
622,80
623,114
624,196
625,15
626,550
627,5
628,421
629,36
630,3
631,314
632,3
633,2000
634,897
635,36
636,6.25
637,75
638,99
639,60
640,10
641,120
642,45
643,32
644,1350
645,23
646,6
647,14
648,4.3
649,30
650,340
651,60
652,11
653,16
654,0.98
655,49
656,8.7
657,392
658,1.5
659,190
660,20
661,1200
662,950
663,75
664,60
665,1094.5
666,50
667,500
668,7
669,3600
670,40
671,490
672,38
673,53.33
674,5
675,4
676,8
677,6
678,98
679,96
680,6
681,460
682,120
683,450
684,42
685,40
686,3360
687,50
688,36
689,30
690,320
691,1500
692,81
693,12
694,30
695,550
696,16
697,20
698,31
699,60
700,300
701,72
702,5
703,7.5
704,3
705,2
706,44
707,5/8
708,20
709,66
710,320
711,57
712,24000
713,0.3
714,10
715,500
716,240
717,384
718,28
719,36
720,15
721,0.75
722,135
723,80
724,76
725,425
726,427.5
727,117
728,150
729,160
730,120
731,30
732,32
733,100
734,295
735,13.5
736,12
737,2
738,70
739,160
740,95
741,2.5
742,1/4
743,5
744,160
745,160
746,50
747,156
748,10
749,324
750,53
751,76
752,20
753,11
754,27.76
755,250
756,5
757,128
758,3
759,5
760,62.5
761,120
762,-1
763,192.4
764,67
765,400
766,1944
767,2.16
768,2000
769,10
770,851
771,120
772,102.5
773,75.5
774,3000
775,12
776,4
777,60
778,420
779,4
780,5
781,6880
782,2000
783,5
784,117
785,156
786,4
787,4.5
788,255
789,240
790,0.98
791,486
792,612.5
793,2
794,72.09
795,2450
796,8
797,50
798,2
799,360
800,28.4
801,55
802,64
803,294
804,580
805,25.6
806,500
807,104
808,1.25
809,12
810,7.8
811,7
812,20
813,78.5
814,50
815,4400
816,2000
817,10
818,33
819,90
820,65.5
821,600
822,88
823,12
824,50.24
825,1050
826,14620
827,2
828,120
829,40
830,29
831,160
832,54
833,45
834,280
835,480
836,45
837,512
838,44
839,5
840,1.333
841,1.67
842,8
843,36
844,546
845,12
846,24
847,42
848,1320
849,3
850,74
851,3300
852,41
853,18
854,20
855,31.8
856,39
857,522
858,10.5
859,1
860,21
861,180
862,48
863,2/7
864,24
865,11
866,2
867,17
868,33
869,100
870,13.2
871,75.6
872,9
873,62
874,48
875,5
876,10500
877,100
878,12.56
879,314
880,64
881,400
882,15
883,14
884,58
885,2
886,90
887,1.5
888,14
889,86
890,4.5
891,1458
892,49.6
893,60
894,79
895,2
896,285
897,10
898,96
899,240000
900,3840
901,207000
902,16
903,225
904,3
905,6
906,300
907,120
908,26
909,6.28
910,15
911,6.26
912,15
913,29
914,6.67
915,425
916,6280
917,141
918,94.2
919,2.9
920,200
921,3
922,2
923,100
924,400
925,104
926,96
927,260
928,30
929,2.2
930,31750
931,-105000
932,120
933,72
934,7.1
935,1000
936,60
937,24
938,4.8
939,11
940,160
941,397
942,210
943,24
944,5
945,5/12
946,176
947,6
948,90
949,48
950,0.6
951,16
952,24
953,255
954,594
955,10
956,16
957,60
958,7692
959,1.3
960,6
961,7
962,640
963,32137
964,16
965,14.75
966,25
967,1
968,18
969,3/8
970,304.4
971,9
972,3424
973,3
974,41
975,2
976,70
977,16
978,345.4
979,910
980,131.50
981,1200
982,0.0003
983,448
984,3.933
985,74
986,14/25
987,10
988,7
989,150
990,24
991,2760
992,581
993,700
994,6.47
995,2040
996,1/11
997,36
998,54
999,1/5
1000,0.314
1001,504
1002,260
1003,45
1004,5
1005,10
1006,50
1007,31
1008,995512
1009,5/8
1010,0.5
1011,163
1012,312.5
1013,4
1014,2
1015,10
1016,5
1017,37.5
1018,94
1019,2/3
1020,9
1021,67
1022,40
1023,62.8
1024,10
1025,44080
1026,16000
1027,3/4
1028,63
1029,88
1030,20
1031,19304
1032,8
1033,37.5
1034,0
1035,270
1036,0.108
1037,30
1038,210
1039,10
1040,4.8
1041,6300
1042,2
1043,5.0
1044,30
1045,9261
1046,9/16
1047,36
1048,12167
1049,412.5
1050,45
1051,100
1052,240
1053,4
1054,1490
1055,0.1
1056,3
1057,54
1058,10/16
1059,512
1060,50
1061,11
1062,3.77
1063,3.5
1064,60
1065,20
1066,34
1067,4
1068,60
1069,45
1070,55
1071,18.75
1072,114
1073,384
1074,1/25
1075,4138
1076,150
1077,272
1078,0.6
1079,60
1080,688
1081,84
1082,25
1083,20
1084,1.3
1085,12.2
1086,9/20
1087,480
1088,4
1089,0.0144
1090,225
1091,45
1092,4875
1093,128
1094,4914
1095,9
1096,1440
1097,5/8
1098,18
1099,192
1100,1/7
1101,16
1102,354
1103,5
1104,285
1105,2/5
1106,48.6
1107,12
1108,2.25
1109,16
1110,27
1111,3
1112,7.83
1113,33.3
1114,800
1115,68
1116,3000
1117,20
1118,8
1119,3
1120,15
1121,30
1122,18
1123,10
1124,16
1125,8200
1126,14
1127,11.2
1128,10000
1129,3
1130,0.66
1131,26
1132,28
1133,550
1134,128
1135,75
1136,30.05
1137,90/7
1138,480
1139,200
1140,9000
1141,27
1142,6
1143,180
1144,15
1145,4
1146,300
1147,864
1148,24
1149,20
1150,0.232
1151,100
1152,1/2
1153,770
1154,12
1155,180
1156,11
1157,30
1158,1154
1159,48
1160,21
1161,12
1162,20
1163,72
1164,9105
1165,6
1166,6
1167,20
1168,24.6
1169,15
1170,11.1
1171,800
1172,120
1173,30
1174,1.5
1175,98
1176,6
1177,1.5
1178,9400
1179,276
1180,6
1181,4500
1182,24
1183,36
1184,160
1185,120
1186,2
1187,200
1188,1602
1189,600
1190,3000
1191,450
1192,27
1193,56250
1194,96
1195,95
1196,15
1197,900
1198,162
1199,3.14
1200,135
1201,0.25
1202,47500000
1203,25
1204,51.0
1205,5.6
1206,18
1207,188
1208,5
1209,3
1210,384
1211,33
1212,480
1213,45
1214,6
1215,2
1216,44
1217,56
1218,46
1219,750
1220,73.33
1221,60
1222,2.25
1223,190.8
1224,180
1225,33
1226,188.4
1227,8000
1228,17
1229,200
1230,0.32
1231,3.2
1232,54
1233,512
1234,75
1235,75
1236,98
1237,135
1238,16
1239,27
1240,8
1241,10
1242,96
1243,120
1244,585
1245,4200
1246,85
1247,89
1248,56
1249,780
1250,33
1251,45
1252,35
1253,16
1254,36
1255,8
1256,30
1257,38
1258,24
1259,16
1260,53
1261,22
1262,4
1263,37
1264,6
1265,36
1266,8
1267,13
1268,23
1269,18
1270,55
1271,53
1272,30
1273,26
1274,45
1275,12
1276,72
1277,700
1278,84
1279,30
1280,81
1281,51
1282,84
1283,24
1284,48
1285,40
1286,48
1287,35
1288,27
1289,48
1290,9
1291,26
1292,26
1293,10
1294,9
1295,8
1296,1
1297,3
1298,8
1299,6
1300,10
1301,20
1302,6
1303,5
1304,6
1305,5
1306,4
1307,5
1308,8
1309,9
1310,6
1311,6
1312,4
1313,32
1314,4
1315,9
1316,13
1317,6
1318,11
1319,6
1320,7
1321,6
1322,79
1323,31
1324,28
1325,40
1326,17
1327,27
1328,20
1329,6
1330,42
1331,6
1332,76
1333,18
1334,4
1335,25
1336,54
1337,64
1338,24
1339,5
1340,73
1341,24
1342,6
1343,7
1344,24
1345,84
1346,31
1347,15
1348,6
1349,17
1350,15
1351,16
1352,19
1353,28
1354,21
1355,1.8
1356,98
1357,75.36
1358,160
1359,700
1360,90
1361,33000
1362,30000
1363,5/9
1364,4
1365,4/5
1366,20
1367,8
1368,960000
1369,120
1370,64
1371,81
1372,325
1373,60
1374,37.5
1375,0
1376,1000
1377,732
1378,9.4
1379,1.08
1380,2.7
1381,520
1382,266
1383,162
1384,440
1385,9.225
1386,28
1387,2
1388,146
1389,5.3
1390,42
1391,30
1392,48000
1393,12
1394,40
1395,16
1396,64
1397,60
1398,95
1399,840
1400,6
1401,180
1402,640
1403,60
1404,48
1405,9
1406,23
1407,9
1408,787
1409,100
1410,139
1411,20
1412,2800
1413,40
1414,248
1415,86400
1416,300
1417,3
1418,240
1419,30
1420,53
1421,30.6
1422,33.45
1423,10.8
1424,0.008
1425,9
1426,9
1427,4
1428,588
1429,90
1430,125
1431,28
1432,6
1433,59
1434,36
1435,44.3
1436,190
1437,274
1438,196.35
1439,72
1440,15
1441,10
1442,110
1443,18
1444,18
1445,15
1446,13500
1447,200
1448,0.35
1449,4
1450,44
1451,96
1452,144
1453,307
1454,36
1455,40
1456,169
1457,31
1458,44
1459,9
1460,3600
1461,560
1462,20
1463,168
1464,10
1465,290
1466,11
1467,206
1468,8.5
1469,3.3
1470,137
1471,30
1472,10
1473,160
1474,26
1475,8
1476,50
1477,9000
1478,364
1479,16
1480,0.6
1481,8448
1482,15
1483,3
1484,119
1485,4
1486,10
1487,99
1488,8
1489,56
1490,33
1491,12
1492,50
1493,7000
1494,32
1495,8
1496,5
1497,28
1498,8.08
1499,2370
1500,91
1501,3.6
1502,150
1503,30
1504,371
1505,28
1506,59
1507,1728
1508,110.4
1509,180
1510,945
1511,50
1512,320000
1513,180
1514,30
1515,520
1516,36
1517,1.55
1518,1315
1519,6
1520,90
1521,40
1522,300
1523,41
1524,331
1525,6
1526,140
1527,4.5
1528,400
1529,780
1530,1010
1531,27
1532,8
1533,520
1534,4800
1535,0.5
1536,2.5
1537,30
1538,5/105
1539,160
1540,128
1541,144
1542,23
1543,150
1544,12
1545,400
1546,650
1547,20
1548,1
1549,4
1550,30
1551,56
1552,3050
1553,4730
1554,8
1555,628
1556,2.26
1557,12.56
1558,1
1559,0.5
1560,1000
1561,17
1562,10
1563,24
1564,32
1565,50
1566,360
1567,8.4
1568,4767
1569,9
1570,3000
1571,3.2
1572,31.4
1573,8
1574,520
1575,60
1576,3000
1577,50
1578,210
1579,306
1580,125
1581,64
1582,125
1583,250
1584,250
1585,1700
1586,300
1587,180
1588,41
1589,960000
1590,73
1591,45
1592,108
1593,175
1594,50
1595,28
1596,5.2
1597,22
1598,8
1599,252
1600,30
1601,100
1602,40
1603,800
1604,30
1605,50
1606,1512
1607,72
1608,10
1609,50
1610,5024
1611,5024
1612,765
1613,888
1614,37.68
1615,48
1616,563
1617,50
1618,24
1619,192
1620,55
1621,35
1622,121.04
1623,120
1624,24.8
1625,23.7
1626,4
1627,2500000
1628,0.75
1629,15
1630,1600
1631,7
1632,15
1633,2
1634,8.5
1635,120000000
1636,10
1637,54
1638,24
1639,16
1640,60
1641,154.44
1642,528
1643,960
1644,110.88
1645,20000
1646,6.28
1647,12.5
1648,24
1649,9
1650,1770
1651,240
1652,10
1653,15
1654,92
1655,1256
1656,12
1657,1200
1658,31
1659,2
1660,162
1661,4
1662,15
1663,18
1664,3.2
1665,3
1666,38
1667,66
1668,625
1669,0.36
1670,3/5
1671,102440
1672,4800
1673,32
1674,50
1675,162
1676,720
1677,25
1678,45
1679,24500
1680,650
1681,3200
1682,142
1683,200
1684,3.6
1685,60
1686,150
1687,270
1688,250
1689,150
1690,1120
1691,4
1692,1.5
1693,40
1694,37.68
1695,576
1696,10.4
1697,3.14
1698,30
1699,8
1700,13
1701,40
1702,6.86
1703,4.9
1704,3.2
1705,0.25
1706,8/9
1707,6
1708,600
1709,5.5
1710,384
1711,3400
1712,66
1713,40
1714,1200
1715,9
1716,3
1717,400
1718,10
1719,720
1720,2/5
1721,53.56
1722,54
1723,72
1724,56.52
1725,22
1726,85
1727,50.24
1728,12
1729,360
1730,6/5
1731,10
1732,110
1733,37.5
1734,25
1735,50
1736,420
1737,130
1738,400
1739,520
1740,23
1741,15
1742,2.5
1743,1380
1744,45
1745,64
1746,80
1747,400
1748,384
1749,1920
1750,114
1751,340
1752,7
1753,1.44
1754,25
1755,22.5
1756,7.2
1757,300
1758,31.4
1759,25
1760,17
1761,192
1762,32.13
1763,519
1764,20
1765,300
1766,50
1767,10
1768,36
1769,8
1770,3
1771,140
1772,100
1773,2700
1774,12.8
1775,80
1776,800
1777,650
1778,22960
1779,572
1780,50
1781,9
1782,1175
1783,1800
1784,67
1785,2
1786,10
1787,6
1788,952
1789,6
1790,600
1791,250
1792,20
1793,11460
1794,5
1795,22
1796,5
1797,325
1798,24
1799,500
1800,3.4
1801,15/19
1802,3360
1803,40
1804,200
1805,3.14
1806,7200
1807,32
1808,80
1809,8
1810,4620
1811,88
1812,20
1813,30
1814,7
1815,72
1816,9
1817,0.0125
1818,102
1819,72
1820,7040
1821,9
1822,217
1823,9
1824,4750
1825,1355
1826,10
1827,5
1828,80
1829,3.14
1830,40
1831,3
1832,5
1833,5928
1834,272
1835,314
1836,2745
1837,3
1838,12
1839,4
1840,120
1841,2
1842,12
1843,4
1844,112
1845,20
1846,75
1847,702
1848,10
1849,3000
1850,818
1851,165
1852,35
1853,1035
1854,9
1855,12
1856,900
1857,95000
1858,60
1859,14
1860,150
1861,128.9
1862,96
1863,12
1864,6
1865,49
1866,1210
1867,5
1868,9
1869,6720
1870,4410
1871,30
1872,5400
1873,8000
1874,50
1875,11
1876,24
1877,6
1878,126
1879,45
1880,7.11
1881,6.97
1882,6
1883,1728
1884,1088
1885,18.8
1886,10
1887,6
1888,960
1889,3
1890,16
1891,52
1892,54
1893,8
1894,80
1895,1024
1896,7.5
1897,3
1898,12
1899,40
1900,9
1901,40
1902,36
1903,2.1
1904,3
1905,108
1906,420
1907,888
1908,27
1909,15.75
1910,8.1
1911,1356
1912,12
1913,9
1914,0.148
1915,108
1916,12
1917,11
1918,16
1919,96
1920,12
1921,2000
1922,10
1923,4926
1924,13
1925,204
1926,16.4
1927,72
1928,2.25
1929,201
1930,20
1931,32000
1932,160
1933,1080
1934,250
1935,3
1936,1080
1937,3.4
1938,11
1939,40
1940,533.33
1941,4.2
1942,125.6
1943,2000
1944,12.3
1945,235
1946,605
1947,350
1948,12
1949,13
1950,20
1951,7
1952,7.5
1953,-20.2
1954,4
1955,4900
1956,13/3
1957,217
1958,11
1959,186
1960,16
1961,0.032
1962,3740
1963,16
1964,38464
1965,4
1966,565
1967,280
1968,61.62
1969,20
1970,94
1971,4.1
1972,36
1973,5.00
1974,6
1975,42
1976,3.8
1977,60
1978,150
1979,35
1980,3000
1981,3
1982,360
1983,200
1984,5
1985,42
1986,300
1987,2
1988,30
1989,2398
1990,201
1991,13
1992,5000
1993,4050
1994,22
1995,46.05
1996,8
1997,17
1998,3.5
1999,16
2000,24
2001,168
2002,10
2003,81
2004,80
2005,45
2006,195
2007,885
2008,896
2009,621
2010,5
2011,45
2012,1500
2013,0.05
2014,2
2015,81
2016,15
2017,4
2018,0.4
2019,120
2020,70
2021,96
2022,100
2023,400
2024,10
2025,48.8
2026,50
2027,15
2028,4
2029,15
2030,20
2031,4
2032,62.5
2033,56
2034,8640
2035,2300
2036,648
2037,720
2038,384
2039,0.75
2040,2.731
2041,119
2042,9.42
2043,5
2044,0.0882
2045,92
2046,240
2047,10
2048,7
2049,20
2050,3
2051,1081
2052,1512
2053,748.8
2054,20
2055,96
2056,54
2057,550
2058,0.6
2059,1900000
2060,70
2061,42
2062,5400
2063,37.4
2064,24
2065,340
2066,7500
2067,32
2068,12.56
2069,315
2070,56
2071,270
2072,3000
2073,0.05
2074,22
2075,82
2076,5400
2077,4
2078,240
2079,2000
2080,2.97
2081,22
2082,35
2083,6
2084,37.5
2085,80
2086,377
2087,54
2088,90
2089,1740
2090,112
2091,108
2092,5900
2093,22500
2094,672
2095,210
2096,62.8
2097,30
2098,2
2099,28
2100,780
2101,2000
2102,20
2103,50
2104,96
2105,10
2106,40
2107,32
2108,1560
2109,2464
2110,50
2111,10
2112,88
2113,19.968
2114,64
2115,622
2116,5/3
2117,200
2118,15708
2119,84
2120,15
2121,88
2122,113.04
2123,7.065
2124,1.10
2125,2
2126,830
2127,99
2128,268
2129,80
2130,2.4
2131,300
2132,14
2133,4185
2134,7
2135,140
2136,22
2137,7
2138,14
2139,12
2140,3.5
2141,2
2142,11
2143,11
2144,1
2145,9
2146,1296
2147,24
2148,19
2149,10
2150,565.2
2151,49.08
2152,4
2153,20
2154,699
2155,4
2156,3
2157,120
2158,15
2159,45.216
2160,719
2161,480
2162,720
2163,36
2164,22
2165,30.5
2166,124
2167,470
2168,182
2169,0.03
2170,2
2171,5
2172,32.5
2173,11196.8
2174,6
2175,12
2176,65
2177,19
2178,500
2179,40
2180,7850
2181,45000
2182,715
2183,12
2184,1710
2185,100
2186,27
2187,441
2188,1456
2189,300
2190,900
2191,12
2192,300
2193,56
2194,2
2195,3400
2196,24
2197,0.628
2198,40
2199,12
2200,180
2201,176
2202,1800
2203,11400
2204,2
2205,4
2206,12
2207,39
2208,16
2209,210
2210,496
2211,20
2212,910
2213,1.8
2214,1.42
2215,6
2216,9
2217,560
2218,9
2219,20
2220,10890
2221,1245
2222,495
2223,60
2224,385
2225,62.5
2226,6
2227,80
2228,158.76
2229,2000
2230,0.94
2231,4
2232,24
2233,3.5
2234,8.56
2235,2.04
2236,18
2237,37
2238,40
2239,12000
2240,1500
2241,1500
2242,6
2243,6300
2244,45
2245,1.10
2246,6
2247,243
2248,4.5
2249,750
2250,1884
2251,240
2252,66
2253,24
2254,1440
2255,9
2256,60
2257,5750
2258,32
2259,77
2260,360
2261,16
2262,22
2263,12.6
2264,1
2265,55
2266,232
2267,22.5
2268,26
2269,216
2270,6.13
2271,80
2272,44
2273,55
2274,4
2275,729
2276,1053
2277,320
2278,4
2279,4.68
2280,360
2281,1260
2282,3000
2283,1190
2284,3600
2285,30
2286,200
2287,5
2288,12
2289,140
2290,100
2291,90
2292,45
2293,60
2294,48
2295,50.24
2296,72
2297,5
2298,6000
2299,40
2300,5
2301,1
2302,180
2303,10
2304,2
2305,6.28
2306,18
2307,100
2308,14
2309,8
2310,8
2311,5
2312,168
2313,3300
2314,5250
2315,6
2316,1404
2317,840
2318,14.4
2319,48
2320,63
2321,360
2322,144
2323,29.6
2324,75
2325,998
2326,399
2327,70
2328,18
2329,13
2330,50
2331,39
2332,0.4167
2333,4200
2334,0.624
2335,120
2336,12
2337,5
2338,757
2339,2
2340,200.0
2341,1520
2342,14.4
2343,53
2344,1/7
2345,98
2346,52
2347,144
2348,48
2349,327
2350,1440
2351,50
2352,90
2353,12
2354,150
2355,240
2356,17160
2357,13
2358,500
2359,1243
2360,0.625
2361,12
2362,448
2363,8.8
2364,476
2365,330
2366,20
2367,2
2368,24
2369,4
2370,200
2371,7
2372,1.13
2373,270
2374,48
2375,32
2376,10
2377,43
2378,22
2379,3.9
2380,90
2381,24
2382,2.4
2383,1070.4
2384,1540
2385,222
2386,110
2387,930
2388,15
2389,0.75
2390,180
2391,2
2392,21
2393,5400000000
2394,-27.8
2395,6
2396,120
2397,13
2398,1281
2399,125
2400,25.2
2401,32
2402,0.002
2403,8
2404,70
2405,16
2406,93
2407,7.8
2408,11.2
2409,36
2410,4
2411,11.72
2412,5
2413,4
2414,8
2415,300
2416,4
2417,168
2418,112
2419,20
2420,314
2421,384
2422,6
2423,2.5
2424,3.3
2425,2
2426,32
2427,8
2428,75
2429,3
2430,70
2431,40
2432,4
2433,3
2434,120
2435,6
2436,98.5
2437,716.8
2438,18
2439,8
2440,3
2441,22
2442,36
2443,7
2444,40
2445,32
2446,37.5
2447,2450
2448,14
2449,1000
2450,1650
2451,30
2452,40
2453,371.8
2454,25
2455,25
2456,20
2457,176
2458,12
2459,1600
2460,50
2461,6
2462,2
2463,28
2464,68
2465,270
2466,28.26
2467,60
2468,50
2469,0.48
2470,16
2471,44
2472,24
2473,120
2474,0.000003
2475,8
2476,25
2477,35
2478,25
2479,60
2480,30
2481,395
2482,1056
2483,4
2484,4
2485,600
2486,14
2487,2104
2488,4
2489,8
2490,12
2491,12
2492,11
2493,2
2494,80
2495,980
2496,25
2497,13200
2498,1/4
2499,80
2500,115
2501,71
2502,2000
2503,30
2504,65
2505,10
2506,4
2507,14
2508,1000
2509,24
2510,1000
2511,16
2512,7630
2513,18.84
2514,2.46
2515,2
2516,5.5
2517,15.072
2518,94.2
2519,4
2520,203.5
2521,5840
2522,39.06
2523,4
2524,9
2525,1056
2526,48
2527,30
2528,40
2529,66
2530,12
2531,7.5
2532,10
2533,208
2534,15
2535,18.84
2536,1280
2537,216
2538,0.2
2539,38
2540,7.5
2541,8
2542,9
2543,2
2544,300
2545,18
2546,1056
2547,200
2548,675
2549,21
2550,4
2551,5
2552,180
2553,12.5
2554,45
2555,8.7
2556,392
2557,627.65
2558,3
2559,245760
2560,36
2561,5
2562,8.2
2563,30
2564,160
2565,5220
2566,0.2
2567,16
2568,0.02
2569,720
2570,140
2571,42
2572,17
2573,3
2574,15
2575,60
2576,5
2577,127.5
2578,5
2579,33
2580,308.2
2581,12
2582,13
2583,70
2584,0.025
2585,1.6
2586,2
2587,5
2588,42
2589,11
2590,2.4
2591,21
2592,45
2593,87
2594,240
2595,400
2596,150
2597,7.95
2598,43.2
2599,30
2600,125
2601,3360
2602,600
2603,10.8
2604,16
2605,50
2606,30
2607,25
2608,640
2609,20
2610,24
2611,12.56
2612,1364
2613,225
2614,40
2615,11
2616,74.2
2617,1800
2618,10
2619,1
2620,100
2621,1/5
2622,7/11
2623,17
2624,3
2625,34.24
2626,50.24
2627,90
2628,62.5
2629,180
2630,182
2631,3
2632,4
2633,148
2634,1.2
2635,200
2636,6
2637,37.0
2638,20
2639,13
2640,18
2641,9
2642,6
2643,5
2644,20
2645,128
2646,5
2647,34
2648,200
2649,120
2650,2
2651,20
2652,4
2653,300
2654,60
2655,2.4
2656,750
2657,4
2658,4.5
2659,20
2660,12
2661,25
2662,4
2663,20
2664,90
2665,1728
2666,3
2667,98
2668,90
2669,80
2670,8/19
2671,50
2672,35
2673,48
2674,14
2675,35
2676,24
2677,4
2678,9368
2679,315.9
2680,75
2681,8
2682,0.08
2683,150
2684,50
2685,700
2686,15
2687,40000000
2688,144
2689,14
2690,180
2691,5440
2692,75
2693,246
2694,9.8
2695,10
2696,122.46
2697,530
2698,3
2699,24
2700,11
2701,6
2702,1200
2703,100
2704,84
2705,200
2706,5
2707,21
2708,6
2709,3700
2710,100
2711,12
2712,39.5
2713,720
2714,2
2715,370
2716,54
2717,300
2718,18
2719,2.5
2720,2800
2721,1512
2722,19200
2723,2218
2724,20400
2725,3.6
2726,15
2727,56
2728,2220
2729,10
2730,139
2731,4.2
2732,5
2733,200
2734,6
2735,3
2736,7.5
2737,1
2738,714
2739,22
2740,1.5
2741,10
2742,3
2743,170
2744,40
2745,45
2746,13
2747,24
2748,300
2749,64
2750,26
2751,16
2752,1000
2753,0.2
2754,10
2755,160
2756,1.26
2757,200
2758,18.12
2759,140
2760,0.4
2761,900
2762,180
2763,432
2764,116
2765,11.3
2766,5
2767,2
2768,419
2769,2.5
2770,10
2771,264
2772,6
2773,30
2774,74
2775,24
2776,5
2777,14
2778,60
2779,250
2780,11
2781,55
2782,8
2783,8
2784,375
2785,7
2786,1460
2787,-48
2788,128
2789,13
2790,6
2791,3
2792,36
2793,4
2794,1/3
2795,50
2796,59.9
2797,5
2798,19
2799,7
2800,12
2801,432
2802,7
2803,1
2804,294
2805,246
2806,45
2807,15
2808,60
2809,16
2810,48
2811,1344
2812,120
2813,3
2814,150.72
2815,0.5
2816,24
2817,900
2818,49
2819,120
2820,3.14
2821,130
2822,320
2823,11.6
2824,10
2825,70
2826,3520
2827,3
2828,250
2829,32
2830,285
2831,17
2832,1000
2833,120
2834,348
2835,6
2836,19
2837,920
2838,160.7333
2839,20
2840,45
2841,26
2842,30
2843,15
2844,340
2845,360
2846,240
2847,30
2848,62.8
2849,846
2850,9
2851,6.28
2852,3.6
2853,50
2854,12.5
2855,9.09
2856,2
2857,28
2858,3
2859,1
2860,5500
2861,308
2862,7
2863,25.2
2864,16
2865,24
2866,9
2867,20
2868,4.7
2869,1000
2870,70
2871,6000
2872,1188
2873,4
2874,25.12
2875,750
2876,6
2877,35
2878,910
2879,32
2880,5
2881,7200
2882,96
2883,30
2884,80
2885,36
2886,37.5
2887,31.4
2888,1380
2889,5024
2890,1610
2891,270
2892,2
2893,8
2894,320
2895,28
2896,5
2897,294
2898,2370
2899,1375
2900,1
2901,527
2902,159
2903,8
2904,45
2905,132
2906,69
2907,6
2908,16
2909,320
2910,6
2911,11
2912,525
2913,66
2914,4
2915,160
2916,15
2917,576
2918,55
2919,379
2920,200
2921,24
2922,8
2923,6600
2924,0.8
2925,25.12
2926,11685
2927,5
2928,462
2929,8
2930,132
2931,16
2932,1762
2933,85
2934,12
2935,138
2936,9
2937,78.5
2938,70
2939,10
2940,900
2941,326
2942,628
2943,96
2944,12
2945,120
2946,3
2947,157
2948,65
2949,419
2950,36
2951,3.63
2952,60
2953,69.375
2954,600
2955,168.75
2956,10
2957,6
2958,36
2959,10
2960,16
2961,36
2962,40
2963,340
2964,4
2965,25
2966,30
2967,81
2968,60
2969,10
2970,48
2971,10.4
2972,400
2973,6
2974,0.6
2975,12
2976,7
2977,40
2978,180
2979,25
2980,36
2981,94.6
2982,3
2983,15
2984,1200000
2985,175
2986,1.68
2987,3
2988,120
2989,491
2990,5.6
2991,62.5
2992,1570
2993,1553.0
2994,600
2995,28
2996,800
2997,115
2998,18
2999,5
3000,100
3001,320
3002,88
3003,31.4
3004,0.22
3005,10
3006,27
3007,43
3008,126
3009,43.2
3010,2
3011,0.99
3012,19.2
3013,+56
3014,0.94
3015,1250
3016,1
3017,600
3018,100
3019,45
3020,50
3021,200
3022,40
3023,300
3024,14.4
3025,100
3026,88
3027,7200
3028,1200
3029,1728
3030,1800000000
3031,742
3032,8.1
3033,3.6
3034,8
3035,20
3036,140
3037,5
3038,15
3039,4
3040,440
3041,1
3042,6
3043,3
3044,120
3045,15
3046,340
3047,1680
3048,8
3049,20
3050,1.2
3051,124
3052,32
3053,16
3054,21
3055,11.25
3056,400
3057,12
3058,800
3059,537.6
3060,1500
3061,1248
3062,12
3063,28
3064,16
3065,65
3066,1600
3067,60
3068,140
3069,1000
3070,120
3071,3540
3072,50
3073,124
3074,17
3075,400
3076,75
3077,840
3078,72
3079,45
3080,57
3081,120
3082,12560
3083,0.50
3084,12
3085,54
3086,1050
3087,20
3088,6
3089,3
3090,0.98
3091,288
3092,18
3093,45
3094,96.8
3095,142.24
3096,0.13
3097,12
3098,157
3099,3
3100,216
3101,4
3102,200
3103,24
3104,648
3105,6
3106,45
3107,300
3108,150
3109,9
3110,2
3111,360
3112,192
3113,240
3114,470
3115,7.2
3116,1050
3117,240
3118,259
3119,45
3120,25
3121,456
3122,1650
3123,36
3124,24
3125,160
3126,750
3127,70
3128,1
3129,399
3130,3250
3131,2
3132,10
3133,8.5
3134,20
3135,30
3136,179
3137,150
3138,640
3139,100
3140,2.5
3141,12000
3142,20
3143,30
3144,8
3145,214
3146,5
3147,3000
3148,1.1
3149,600
3150,20
3151,30
3152,6
3153,30
3154,9.4
3155,12
3156,24
3157,2.4
3158,96
3159,18
3160,89.6
3161,80
3162,17280
3163,20
3164,1.44
3165,64
3166,45
3167,26
3168,94
3169,6
3170,20
3171,40
3172,32
3173,15
3174,76
3175,140
3176,1791
3177,41
3178,624
3179,48
3180,2700
3181,36.3
3182,5.6
3183,0.7
3184,720
3185,360
3186,5.5
3187,121
3188,807
3189,15
3190,72
3191,255
3192,368
3193,60
3194,720
3195,30
3196,52
3197,6400
3198,1800
3199,465
3200,70
3201,96
3202,3600
3203,48
3204,184
3205,13
3206,1435
3207,94
3208,93
3209,85
3210,120
3211,0.62
3212,72
3213,8
3214,9
3215,75
3216,600
3217,400
3218,24
3219,130
3220,11
3221,4
3222,15
3223,210
3224,360
3225,175
3226,160
3227,3
3228,30
3229,8
3230,2520
3231,384
3232,360
3233,123
3234,38
3235,2880
3236,864
3237,3250
3238,175
3239,85
3240,63
3241,9900
3242,1158
3243,1160
3244,1600
3245,50
3246,1820
3247,372
3248,1800
3249,3600
3250,420
3251,78
3252,300
3253,1200
3254,30
3255,6
3256,25
3257,3
3258,8
3259,4
3260,1692
3261,8
3262,6
3263,24
3264,3
3265,7
3266,8
3267,480
3268,35
3269,186
3270,225
3271,24
3272,27
3273,7
3274,75
3275,336
3276,180
3277,35
3278,305
3279,625
3280,784
3281,5124
3282,6
3283,130
3284,604
3285,5
3286,11
3287,9
3288,53
3289,900
3290,250
3291,218
3292,100
3293,9
3294,45
3295,29
3296,86
3297,200
3298,600
3299,75
3300,13
3301,27
3302,228
3303,109
3304,99
3305,11
3306,447
3307,477
3308,103
3309,39
3310,112
3311,660
3312,84
3313,9
3314,31
3315,7
3316,63
3317,315
3318,209
3319,8
3320,220
3321,54
3322,605
3323,21
3324,7680
3325,60
3326,200
3327,41250
3328,1425
3329,32
3330,80
3331,30
3332,740
3333,2160
3334,189
3335,45
3336,203
3337,775
3338,448
3339,576
3340,50
3341,720
3342,95
3343,12
3344,569
3345,5
3346,100
3347,15
3348,2400
3349,180
3350,32
3351,13
3352,12
3353,48
3354,39
3355,2600
3356,784
3357,130
3358,60
3359,126
3360,220
3361,520
3362,204
3363,252
3364,35
3365,40
3366,37
3367,300
3368,119
3369,10
3370,50
3371,2205
3372,1084
3373,330
3374,658
3375,36
3376,12
3377,910
3378,300
3379,256
3380,27
3381,1043
3382,105
3383,117
3384,1122
3385,84
3386,25
3387,15
3388,24
3389,25
3390,98
3391,432
3392,960
3393,60
3394,40
3395,130
3396,24
3397,25
3398,60
3399,100
3400,845
3401,90
3402,5
3403,52
3404,30
3405,46
3406,214
3407,200
3408,38
3409,16
3410,100
3411,5
3412,216
3413,4650
3414,2
3415,207
3416,5
3417,300/61
3418,16
3419,2250
3420,52
3421,112
3422,552
3423,5014
3424,1764
3425,3
3426,6240
3427,432
3428,2
3429,25
3430,3
3431,38
3432,3015
3433,7
3434,131
3435,2
3436,27
3437,23
3438,23
3439,87
3440,72
3441,390
3442,85
3443,30
3444,1950
3445,270
3446,700
3447,7.2
3448,45
3449,96
3450,1400
3451,172
3452,5200
3453,192
3454,18
3455,98
3456,4
3457,14
3458,120
3459,8
3460,132
3461,3
3462,15
3463,336
3464,9
3465,2
3466,180
3467,180
3468,57.90
3469,430
3470,4.9
3471,12
3472,0.15
3473,1000
3474,24
3475,300
3476,18
3477,25
3478,8
3479,600
3480,385
3481,4.95
3482,33
3483,63
3484,8
3485,48
3486,8
3487,52
3488,288
3489,150
3490,20
3491,192
3492,6
3493,882
3494,10
3495,10
3496,13
3497,8
3498,0.028
3499,6
3500,6
3501,16
3502,100
3503,800
3504,4
3505,3120
3506,37
3507,25
3508,275
3509,12.8
3510,300
3511,420
3512,12
3513,3750
3514,21.75
3515,5760
3516,352
3517,18
3518,6
3519,3500
3520,192
3521,8
3522,24
3523,5
3524,57
3525,500
3526,150
3527,6000
3528,8
3529,58
3530,2
3531,7
3532,23
3533,20
3534,0.2
3535,5
3536,9
3537,6
3538,192
3539,276
3540,50
3541,2400
3542,12180
3543,2600
3544,6
3545,5
3546,8
3547,1494
3548,588
3549,2000
3550,8
3551,75
3552,15
3553,5050
3554,205
3555,720
3556,316
3557,4
3558,250000
3559,400
3560,428
3561,1400
3562,15
3563,9
3564,380
3565,175
3566,32
3567,2583
3568,1488
3569,1000
3570,11
3571,6
3572,8
3573,35
3574,42
3575,220
3576,36
3577,20
3578,32
3579,33
3580,3960
3581,64
3582,74
3583,24
3584,337.5
3585,41
3586,80
3587,1395
3588,6480
3589,84
3590,4500
3591,52
3592,54
3593,15
3594,15
3595,2000
3596,-13
3597,3
3598,23
3599,52
3600,194
3601,28
3602,74
3603,817
3604,1500
3605,640
3606,40
3607,15
3608,21
3609,5.1
3610,3
3611,25
3612,211.4
3613,80
3614,945
3615,8
3616,480
3617,112
3618,2.56
3619,160
3620,360
3621,5
3622,150
3623,120
3624,45
3625,4240
3626,102
3627,32
3628,1080
3629,960
3630,600
3631,920
3632,660
3633,13000
3634,3575
3635,125
3636,140
3637,519
3638,14
3639,300
3640,166
3641,6
3642,108
3643,3330
3644,21.3
3645,24
3646,18
3647,2450
3648,3
3649,690
3650,20
3651,3
3652,144
3653,250
3654,168
3655,48
3656,161
3657,103.5
3658,70
3659,982
3660,24
3661,3600
3662,1.5
3663,123
3664,17
3665,566
3666,98
3667,90
3668,385
3669,588
3670,2916
3671,1440
3672,13
3673,100
3674,16.9
3675,560
3676,10665
3677,42
3678,12
3679,5760
3680,9720
3681,880
3682,8
3683,6
3684,12
3685,136
3686,1536
3687,400
3688,1000
3689,384
3690,300
3691,5
3692,8
3693,38
3694,1118
3695,504
3696,57
3697,78
3698,1175
3699,19
3700,16320000
3701,240
3702,880
3703,4
3704,18
3705,4
3706,4500
3707,504
3708,9
3709,22
3710,7.5
3711,104
3712,18090
3713,42
3714,1/2
3715,570
3716,10000
3717,509
3718,12
3719,684
3720,256
3721,318
3722,655
3723,72
3724,45
3725,7
3726,40
3727,37.5
3728,12
3729,1/2
3730,1250
3731,84
3732,80
3733,61
3734,534
3735,800
3736,107
3737,3800
3738,640
3739,14000
3740,429
3741,600
3742,728
3743,4710
3744,160
3745,450
3746,212
3747,8
3748,300
3749,30
3750,2668
3751,120
3752,200
3753,288
3754,3528
3755,720
3756,55
3757,52
3758,3360
3759,5000
3760,252
3761,96
3762,350
3763,18
3764,420
3765,11
3766,2
3767,2210
3768,300
3769,4
3770,50
3771,2160
3772,108
3773,7
3774,600
3775,11
3776,20000
3777,1
3778,76475
3779,2
3780,552
3781,14
3782,11
3783,175
3784,56
3785,16
3786,23800
3787,68
3788,414
3789,57
3790,0.65
3791,3430
3792,126
3793,65
3794,190
3795,93.6
3796,24
3797,18
3798,102
3799,763
3800,1100
3801,52
3802,8020
3803,12
3804,9
3805,84
3806,1679
3807,6224
3808,54
3809,13
3810,450
3811,144
3812,60
3813,50
3814,900
3815,24
3816,767
3817,180
3818,45
3819,36
3820,10850
3821,40
3822,36
3823,20
3824,120
3825,5
3826,36
3827,5
3828,48
3829,1770
3830,345
3831,8.64
3832,112000
3833,14
3834,360
3835,180
3836,768
3837,8
3838,45
3839,165
3840,81
3841,1232
3842,192
3843,6365
3844,0.75
3845,6
3846,7
3847,576
3848,15
3849,5850
3850,90
3851,256
3852,400
3853,8
3854,2520
3855,350
3856,576
3857,216
3858,455
3859,75
3860,960
3861,96
3862,140
3863,1440
3864,468
3865,3900
3866,1680
3867,375
3868,368
3869,5000
3870,10
3871,40
3872,11
3873,3360
3874,3
3875,5760
3876,54
3877,120
3878,484
3879,440
3880,10.24
3881,2
3882,24
3883,49
3884,29
3885,4
3886,21.6
3887,0.8
3888,8
3889,1200
3890,144
3891,16
3892,1.46
3893,108
3894,2
3895,24
3896,270
3897,9
3898,11
3899,2.4
3900,102
3901,36
3902,40
3903,2800
3904,2
3905,61
3906,144
3907,168
3908,662.5
3909,9
3910,410
3911,6
3912,91
3913,140
3914,28414
3915,2800
3916,510
3917,20
3918,3360
3919,312
3920,140
3921,610
3922,2100
3923,36
3924,775
3925,1
3926,7
3927,240
3928,225
3929,60
3930,196
3931,4.08
3932,240
3933,94
3934,95
3935,25
3936,1680
3937,81
3938,651
3939,9720
3940,396
3941,1247
3942,5
3943,768
3944,32
3945,3
3946,204
3947,3
3948,1800
3949,12
3950,345
3951,420
3952,3
3953,324
3954,462
3955,1600
3956,682
3957,5
3958,6
3959,16
3960,127.5
3961,81
3962,36
3963,375
3964,437
3965,504
3966,120
3967,10
3968,336
3969,6
3970,12
3971,1730
3972,45
3973,422
3974,60
3975,40
3976,8
3977,5
3978,120
3979,25
3980,14
3981,109
3982,4
3983,180
3984,42
3985,800
3986,51
3987,1
3988,240
3989,280
3990,2100
3991,20
3992,30600
3993,69
3994,240
3995,13
3996,18
3997,46
3998,600
3999,62
4000,51
4001,4
4002,1485
4003,1744
4004,2402
4005,50
4006,228
4007,17
4008,120
4009,144
4010,60
4011,2.5
4012,560
4013,10
4014,135
4015,8
4016,20
4017,94
4018,9.4
4019,18.4
4020,16
4021,2
4022,8
4023,230
4024,40
4025,600
4026,3846
4027,4.8
4028,400
4029,10
4030,40
4031,18
4032,5
4033,960
4034,265
4035,8
4036,4
4037,226.5
4038,40
4039,2
4040,29.3
4041,500
4042,50
4043,800
4044,12
4045,400
4046,24
4047,2500
4048,88
4049,2
4050,120
4051,4
4052,300
4053,18
4054,0.06
4055,126
4056,12
4057,250
4058,234
4059,24
4060,240
4061,3069
4062,2880
4063,645
4064,8
4065,200
4066,152
4067,5400
4068,20
4069,1008
4070,2
4071,15
4072,34
4073,176
4074,1400
4075,182
4076,30
4077,5
4078,13.25
4079,1024
4080,6
4081,880
4082,958
4083,1712
4084,10
4085,4200
4086,122
4087,1442
4088,1200
4089,11
4090,48
4091,930
4092,115
4093,20
4094,10
4095,3284
4096,8
4097,3
4098,500
4099,2040
4100,15
4101,40
4102,800
4103,10
4104,57
4105,1600
4106,40
4107,576
4108,61
4109,8
4110,4
4111,5
4112,5
4113,37
4114,2900
4115,90
4116,8
4117,16
4118,12
4119,690
4120,24
4121,5
4122,32
4123,8
4124,12
4125,30
4126,5000
4127,1130
4128,98
4129,160
4130,88
4131,760
4132,1095
4133,26.2
4134,76
4135,10.9
4136,456
4137,2
4138,48
4139,0.16
4140,50
4141,52
4142,24/6
4143,675
4144,1112
4145,1
4146,8
4147,-5
4148,12
4149,1163
4150,202
4151,30
4152,2
4153,504
4154,837
4155,5.257
4156,100
4157,424
4158,4
4159,51
4160,110
4161,240
4162,10
4163,10
4164,72.5
4165,720
4166,108
4167,600
4168,3.2
4169,22
4170,64
4171,18.375
4172,1200
4173,240
4174,1728
4175,400
4176,28
4177,16
4178,16
4179,17.5
4180,160
4181,12
4182,38.56
4183,169
4184,72
4185,11.5
4186,25
4187,162
4188,6
4189,4
4190,1
4191,10
4192,10
4193,22
4194,0.64
4195,9.42
4196,100
4197,16
4198,200
4199,27
4200,1440
4201,-7
4202,130
4203,40
4204,3.14
4205,18750
4206,9
4207,900
4208,136
4209,780
4210,83
4211,4
4212,162
4213,9
4214,260
4215,30
4216,4
4217,3/4
4218,30
4219,1050
4220,10
4221,3/4
4222,28
4223,384
4224,10
4225,104
4226,40
4227,360
4228,56
4229,72.5
4230,9
4231,56
4232,3
4233,12.5
4234,2
4235,2
4236,28
4237,6480
4238,18
4239,4
4240,90
4241,30
4242,480
4243,680
4244,59
4245,320
4246,350
4247,36
4248,440
4249,1.5
4250,3.5
4251,45
4252,900
4253,6.45
4254,40
4255,1.96
4256,33.6
4257,20
4258,190
4259,13
4260,10
4261,548
4262,18
4263,738
4264,288
4265,8
4266,0.9
4267,56
4268,182
4269,12.85
4270,400
4271,46
4272,36
4273,63
4274,48
4275,540
4276,4/5
4277,140
4278,30
4279,5472
4280,306
4281,39
4282,7/12
4283,50
4284,27
4285,900
4286,30
4287,2700
4288,90
4289,43
4290,80
4291,45/7
4292,10
4293,5855
4294,60
4295,144
4296,64
4297,276
4298,4
4299,10
4300,7
4301,1
4302,720
4303,22.75
4304,280
4305,20
4306,6
4307,0.75
4308,8
4309,200
4310,2
4311,400
4312,30
4313,72
4314,20
4315,10
4316,42
4317,3
4318,3800
4319,-1
4320,187
4321,4
4322,255
4323,30
4324,9
4325,75.36
4326,50.4
4327,2
4328,60
4329,12
4330,32
4331,2606
4332,15
4333,288
4334,342
4335,480
4336,384
4337,54.4
4338,32
4339,16
4340,8
4341,250
4342,4
4343,1500
4344,88
4345,171.6
4346,40
4347,21.8
4348,5
4349,5.6
4350,124
4351,800
4352,6
4353,16
4354,2.5
4355,3
4356,1
4357,104
4358,1.30
4359,18
4360,4
4361,3.2
4362,5/4
4363,8
4364,562.5
4365,45
4366,18
4367,83/45
4368,7
4369,38
4370,42
4371,104.825
4372,8
4373,18
4374,18
4375,3
4376,76
4377,0.49
4378,50
4379,18
4380,3
4381,100
4382,2.24
4383,45
4384,284
4385,6
4386,46
4387,4.2
4388,750
4389,40
4390,2000
4391,28
4392,14
4393,3.2
4394,16
4395,6400
4396,6400
4397,2000
4398,6.67
4399,9
4400,-10
4401,990
4402,48
4403,25
4404,200
4405,16
4406,61
4407,16.8
4408,13
4409,6
4410,8
4411,100
4412,3.6
4413,426
4414,309
4415,0.6
4416,45
4417,80
4418,1000
4419,270
4420,3
4421,75
4422,13
4423,50
4424,48
4425,60
4426,12600
4427,12.6
4428,48
4429,0.785
4430,282.6
4431,20
4432,2/3
4433,96
4434,1
4435,800
4436,25
4437,9
4438,9
4439,3.14
4440,10
4441,2000
4442,4
4443,0.3
4444,0.722
4445,48
4446,1260
4447,.9
4448,50.24
4449,20
4450,16
4451,4
4452,+8
4453,2
4454,8000
4455,12
4456,945000
4457,27
4458,1
4459,7
4460,0.36
4461,45
4462,240
4463,3.14
4464,40
4465,9
4466,4
4467,24
4468,90
4469,840
4470,240
4471,375
4472,2
4473,1
4474,5400
4475,2
4476,8
4477,17
4478,4
4479,120
4480,150
4481,70
4482,720
4483,438
4484,240
4485,1.5
4486,4608
4487,12
4488,5
4489,50.24
4490,31.4
4491,2.7
4492,6
4493,14.5
4494,1000
4495,12
4496,12.56
4497,22
4498,9
4499,25
4500,76.5
4501,170
4502,3
4503,360
4504,2
4505,30
4506,16
4507,12.56
4508,13.56
4509,1.81
4510,25
4511,3140
4512,12
4513,200000
4514,13
4515,36
4516,4
4517,81
4518,66.54
4519,34
4520,2/9
4521,9
4522,2400
4523,2
4524,8
4525,1000
4526,7200
4527,7/25
4528,1600
4529,800
4530,6
4531,15
4532,5000
4533,6
4534,100
4535,4
4536,90
4537,3/8
4538,0.5
4539,220
4540,2300
4541,2
4542,5024
4543,28.27433388
4544,3600
4545,94.2
4546,48
4547,40
4548,280
4549,49
4550,16
4551,20
4552,-4
4553,8
4554,3.2
4555,10
4556,160.86
4557,1
4558,74
4559,5
4560,1
4561,21.98
4562,2.7
4563,1
4564,5.5
4565,3000
4566,250
4567,30.7
4568,0
4569,97
4570,1.7
4571,129
4572,8
4573,25
4574,100
4575,4
4576,24
4577,2
4578,30.144
4579,18.096
4580,4
4581,1.88
4582,60
4583,0
4584,27
4585,2
4586,3
4587,4/25
4588,800
4589,1400
4590,15
4591,4
4592,40
4593,200
4594,1
4595,1/2
4596,0.15
4597,1
4598,14
4599,4
4600,18.84
4601,40
4602,30
4603,3/7
4604,2.512
4605,3.14
4606,706.86
4607,100.5
4608,680
4609,1328
4610,100
4611,628
4612,25/4
4613,62.83
4614,19.5
4615,3
4616,1.5
4617,11304
4618,240
4619,20
4620,12.56
4621,80
4622,18
4623,0
4624,2
4625,240
4626,28
4627,40.82
4628,150
4629,20
4630,27.60
4631,11250
4632,73.44
4633,12
4634,21
4635,10
4636,75
4637,7
4638,108
4639,28
4640,-12
4641,1
4642,9/2
4643,15.75
4644,4050
4645,20.85
4646,31.4
4647,64
4648,3
4649,2
4650,4
4651,1500
4652,1200
4653,35.5
4654,1000
4655,0.6
4656,910
4657,12
4658,20
4659,8.4
4660,1
4661,1530
4662,0.5
4663,658
4664,4
4665,40
4666,5
4667,0
4668,0.8
4669,7850
4670,32
4671,251.2
4672,14
4673,80
4674,56
4675,3
4676,1/4
4677,16
4678,92.15
4679,126
4680,48
4681,2
4682,33.33
4683,8
4684,706
4685,35
4686,0.75
4687,200
4688,900
4689,13/25
4690,5.52
4691,5
4692,75
4693,8
4694,10
4695,28
4696,45
4697,0.45
4698,1.25
4699,25
4700,1177.5
4701,100.48
4702,5
4703,100/9
4704,8
4705,30
4706,731
4707,3
4708,335
4709,44
4710,25
4711,172
4712,9136
4713,112
4714,0.06
4715,0.6
4716,20.56
4717,28.27
4718,720
4719,90.1
4720,2
4721,562
4722,894
4723,21
4724,6
4725,18
4726,27
4727,20
4728,314
4729,480
4730,12.56
4731,20
4732,1500
4733,36
4734,11200
4735,50.2
4736,200
4737,1
4738,1500
4739,1600
4740,2
4741,3.14
4742,120
4743,12.56
4744,567
4745,275
4746,10
4747,42
4748,10
4749,2
4750,90
4751,12
4752,12
4753,360
4754,750
4755,8400
4756,1
4757,34
4758,100
4759,13333
4760,12.566
4761,3
4762,0.38
4763,200
4764,202
4765,1/15
4766,240
4767,400
4768,100/1
4769,3.14
4770,2
4771,9
4772,12.36
4773,1950
4774,88
4775,40
4776,10
4777,23.55
4778,12.5
4779,9
4780,30
4781,75.36
4782,10
4783,96
4784,564
4785,19625
4786,600
4787,0.6
4788,8
4789,3.14
4790,2.8
4791,4
4792,78.5
4793,1256
4794,72
4795,10
4796,706.5
4797,9
4798,7
4799,30
4800,1570
4801,200
4802,71
4803,79.58
4804,95
4805,314
4806,30
4807,300
4808,8100
4809,409600
4810,1
4811,1884
4812,20
4813,1000
4814,20
4815,216
4816,23.4
4817,31/40
4818,2
4819,9
4820,48
4821,2.2
4822,3.14
4823,20.35
4824,8.75
4825,16
4826,100
4827,0
4828,2
4829,144
4830,300
4831,30
4832,352
4833,1
4834,+25
4835,80
4836,3.0
4837,6.6
4838,100
4839,30.95
4840,5
4841,500000000
4842,36
4843,10.5
4844,20
4845,550
4846,3
4847,20
4848,696
4849,384
4850,2.4
4851,90
4852,720
4853,353
4854,8/15
4855,20
4856,216
4857,3000
4858,47.6
4859,1/30
4860,75
4861,50
4862,5
4863,1
4864,20/27
4865,12.56
4866,15
4867,4/5
4868,189
4869,3
4870,84
4871,40/9
4872,48
4873,1507.2
4874,4
4875,80
4876,314
4877,496.0
4878,192000
4879,3
4880,9
4881,8
4882,30
4883,1/5
4884,4
4885,84
4886,12
4887,7
4888,45
4889,14
4890,1/3
4891,75
4892,20
4893,33
4894,15
4895,6
4896,62.5
4897,90
4898,10
4899,5/4
4900,480
4901,33
4902,26
4903,560
4904,36
4905,12
4906,20
4907,2
4908,50
4909,140
4910,6
4911,36
4912,12
4913,3
4914,33
4915,3
4916,63
4917,36
4918,6
4919,253.125
4920,16
4921,76
4922,9.8
4923,13
4924,60
4925,27
4926,1000
4927,38.25
4928,4
4929,34
4930,9
4931,18
4932,5
4933,4
4934,31.5
4935,13
4936,38
4937,10
4938,0.8235
4939,39/4
4940,33.6
4941,3
4942,8
4943,30
4944,31
4945,5
4946,2
4947,5
4948,1
4949,222.6
4950,19
4951,2
4952,2
4953,93
4954,640
4955,5/25
4956,52
4957,13
4958,4
4959,4
4960,12
4961,180
4962,14
4963,1/2
4964,1.45
4965,80
4966,83
4967,172
4968,52
4969,62
4970,68
4971,45
4972,68
4973,43
4974,18
4975,63
4976,21
4977,18
4978,17
4979,7
4980,56
4981,9
4982,84
4983,56
4984,63
4985,18
4986,16
4987,24
4988,27
4989,12
4990,35
4991,18
4992,8
4993,5
4994,6
4995,28
4996,3
4997,8
4998,94
4999,9
5000,36
5001,36
5002,32
5003,50
5004,78
5005,135
5006,4
5007,23
5008,8
5009,89
5010,61
5011,47
5012,8
5013,4
5014,7
5015,16
5016,6
5017,6
5018,26
5019,8
5020,7
5021,28
5022,47
5023,3
5024,9
5025,47
5026,81
5027,19
5028,28
5029,20
5030,20
5031,46
5032,44
5033,27
5034,17
5035,10
5036,2
5037,11
5038,38
5039,48
5040,8
5041,4
5042,25
5043,31
5044,62
5045,19
5046,6
5047,4
5048,9
5049,18
5050,13
5051,3
5052,11
5053,25
5054,31
5055,91
5056,35
5057,90
5058,56
5059,26
5060,81
5061,4
5062,55
5063,55
5064,6
5065,18
5066,30
5067,89
5068,97
5069,80
5070,3
5071,51
5072,120
5073,16
5074,24
5075,57
5076,26
5077,4
5078,42
5079,7
5080,27
5081,30
5082,31
5083,16
5084,6
5085,56
5086,32
5087,24
5088,18
5089,33
5090,8
5091,16
5092,24
5093,23
5094,8
5095,6
5096,8
5097,16
5098,15
5099,18
5100,8
5101,18
5102,6
5103,15
5104,49
5105,18
5106,33
5107,7
5108,19
5109,20
5110,180
5111,21
5112,8
5113,27
5114,46
5115,115
5116,0
5117,168
5118,4
5119,16
5120,34
5121,6400
5122,800
5123,1
5124,2
5125,52
5126,32
5127,25
5128,700
5129,1/4
5130,24
5131,6
5132,266
5133,36
5134,3
5135,30
5136,21
5137,5
5138,1
5139,2
5140,2
5141,4
5142,3.5
5143,1791
5144,4
5145,6
5146,40
5147,3
5148,3.01
5149,5
5150,1232
5151,41
5152,5
5153,3.768
5154,14.58
5155,4860
5156,69.5
5157,60
5158,3400
5159,225
5160,40
5161,255
5162,16
5163,181
5164,4000
5165,16
5166,24
5167,576
5168,5
5169,391
5170,215
5171,9.28
5172,1.008
5173,1700
5174,6
5175,16
5176,1000
5177,12
5178,502.4
5179,22500
5180,28
5181,0.5
5182,5
5183,60
5184,5
5185,2
5186,1450
5187,1020
5188,0.14
5189,130000
5190,13
5191,16
5192,36
5193,8
5194,7
5195,0
5196,60
5197,24
5198,16
5199,4.5
5200,960
5201,0.048
5202,18
5203,14
5204,27
5205,36.3
5206,5
5207,250
5208,8
5209,2.13
5210,280
5211,25
5212,2
5213,20000
5214,36
5215,2016
5216,6
5217,3/2
5218,32
5219,0.1727
5220,340
5221,1/4
5222,400
5223,80
5224,1200
5225,36
5226,75
5227,8
5228,64
5229,2000
5230,0.3
5231,12
5232,27.3
5233,24
5234,3360
5235,25200
5236,2
5237,1
5238,12
5239,144
5240,6
5241,2300
5242,600
5243,100
5244,9600
5245,192
5246,45
5247,26
5248,94
5249,12
5250,7
5251,20
5252,40
5253,32
5254,15
5255,76
5256,5.6
5257,42
5258,1
5259,3
5260,33
5261,1000
5262,476
5263,500
5264,0.20
5265,10
5266,7
5267,116.25
5268,0.85
5269,14
5270,10
5271,60
5272,18
5273,42
5274,0.9
5275,68.57
5276,180
5277,177
5278,12
5279,4560
5280,19
5281,320000
5282,72
5283,1710
5284,200
5285,1
5286,43.96
5287,10
5288,48
5289,30
5290,108
5291,60
5292,+771
5293,901
5294,10
5295,360
5296,90
5297,3
5298,13.5
5299,36
5300,1260
5301,800
5302,6
5303,80/283
5304,0
5305,396
5306,30
5307,36
5308,4000
5309,400
5310,269.5
5311,4
5312,12
5313,-4
5314,28.8
5315,10
5316,204
5317,10
5318,150
5319,1120
5320,2900
5321,48
5322,48
5323,2.75
5324,15
5325,15
5326,50
5327,36
5328,1.1
5329,2
5330,3000
5331,108
5332,1
5333,113
5334,36
5335,7200
5336,144
5337,384
5338,50.769
5339,50
5340,1126
5341,3
5342,43.2
5343,384
5344,3.14
5345,18
5346,10
5347,36
5348,14
5349,250
5350,1920
5351,2/3
5352,327
5353,2600
5354,5
5355,300
5356,3844
5357,2720
5358,230
5359,6000
5360,5
5361,384
5362,21
5363,80
5364,10
5365,3
5366,100
5367,22.5
5368,16
5369,1.3856
5370,516
5371,3
5372,10000
5373,12
5374,0
5375,25
5376,60
5377,10
5378,2565
5379,187.5
5380,14.4
5381,0.666
5382,16
5383,176
5384,52.5
5385,100
5386,0
5387,640
5388,3
5389,37
5390,112
5391,11
5392,9000
5393,3
5394,75
5395,1.6
5396,700
5397,20000
5398,2
5399,14
5400,2275
5401,1250
5402,1
5403,5
5404,33
5405,8
5406,140
5407,48
5408,2.1
5409,14
5410,30
5411,274
5412,15.6
5413,89
5414,785
5415,530.1
5416,28
5417,1008
5418,480
5419,1680
5420,1680
5421,16.67
5422,10
5423,90
5424,2
5425,3.75
5426,50
5427,0.08
5428,60
5429,900
5430,64
5431,20
5432,80
5433,72.5
5434,50000
5435,6003
5436,360
5437,3
5438,3600
5439,20
5440,384
5441,18
5442,25
5443,48
5444,24
5445,2
5446,38
5447,2.9
5448,2.7
5449,16
5450,0.5
5451,96
5452,36
5453,540
5454,160
5455,24
5456,8
5457,5
5458,78.5
5459,-50
5460,210/11
5461,4
5462,13.4
5463,1035
5464,5
5465,400
5466,12
5467,+8
5468,1.7
5469,18.5
5470,50
5471,0.14
5472,18
5473,6
5474,26.666
5475,44
5476,0.4
5477,24
5478,3500
5479,18000
5480,2400
5481,14
5482,6
5483,0.9
5484,90
5485,7.5
5486,23
5487,150
5488,121
5489,1
5490,5
5491,9
5492,22
5493,53
5494,200
5495,42
5496,1620
5497,3
5498,1333
5499,37.5
5500,6
5501,92
5502,2
5503,3720
5504,440
5505,0.25
5506,6
5507,450
5508,250
5509,320
5510,9
5511,640
5512,32
5513,6
5514,190
5515,20
5516,4900
5517,1200
5518,11
5519,5
5520,32
5521,288
5522,42000
5523,2080
5524,45
5525,4
5526,21
5527,110
5528,26.8
5529,59.13
5530,52
5531,2200
5532,8375
5533,48
5534,5
5535,2
5536,5400
5537,510
5538,13000
5539,120
5540,88.33
5541,90
5542,216
5543,68
5544,-4
5545,18
5546,35.7
5547,1
5548,3
5549,144
5550,900
5551,576
5552,1560
5553,4/15
5554,14
5555,3300
5556,96
5557,205
5558,1
5559,12
5560,24000
5561,30
5562,13200
5563,760
5564,12
5565,30
5566,4.5
5567,45
5568,800
5569,60
5570,2
5571,1
5572,221
5573,58
5574,160
5575,15
5576,20
5577,28.26
5578,44.64
5579,140
5580,40.8
5581,32
5582,128.4
5583,0
5584,120
5585,1
5586,65
5587,192.5
5588,360
5589,+3
5590,1.5
5591,360
5592,195
5593,1080
5594,0.4
5595,3
5596,249
5597,84
5598,3
5599,4500
5600,480
5601,100
5602,3
5603,5.5
5604,800
5605,92.5
5606,4160
5607,32
5608,120
5609,1140
5610,68.4
5611,5
5612,1
5613,80
5614,3
5615,2
5616,3.1
5617,336
5618,1.5
5619,2
5620,4.3
5621,12560
5622,58.75
5623,2
5624,48
5625,12
5626,52
5627,280
5628,3/10
5629,4
5630,250
5631,1153
5632,0.85
5633,3420
5634,50
5635,471
5636,450
5637,3
5638,30
5639,15.7
5640,37.5
5641,35.8
5642,2600
5643,24
5644,10
5645,600
5646,6
5647,28.27
5648,3
5649,120
5650,3
5651,28.26
5652,600
5653,240
5654,1.5
5655,105
5656,100
5657,3
5658,750
5659,5
5660,2
5661,20
5662,80
5663,62.5
5664,2.4
5665,128
5666,1/30
5667,200
5668,30
5669,3
5670,480
5671,2.42
5672,3000
5673,60
5674,600
5675,200
5676,4956
5677,22
5678,42
5679,1500
5680,500
5681,315
5682,471
5683,0.5
5684,600
5685,42.39
5686,100
5687,407
5688,314
5689,225
5690,25
5691,2000
5692,4
5693,456
5694,270
5695,370
5696,1575
5697,1600
5698,4/3
5699,432
5700,24
5701,12
5702,40
5703,10
5704,70
5705,80
5706,32.5
5707,2400
5708,10.45
5709,13900
5710,18.45
5711,36
5712,512
5713,1600
5714,1.1
5715,100
5716,113
5717,2
5718,192
5719,6
5720,945
5721,18.84
5722,2
5723,5
5724,945
5725,105
5726,3.2
5727,300
5728,4.8
5729,16
5730,1
5731,350
5732,992
5733,15.2
5734,5752
5735,3
5736,0
5737,400
5738,3430
5739,45000
5740,8
5741,6.4
5742,9
5743,90
5744,600
5745,200
5746,32
5747,12
5748,2000
5749,4
5750,642
5751,332
5752,320
5753,285
5754,479
5755,90
5756,142
5757,23
5758,4
5759,72
5760,10
5761,0.75
5762,300
5763,98
5764,4
5765,2
5766,1680
5767,28.8
5768,1440
5769,260
5770,25
5771,200
5772,44.1176
5773,5
5774,22.5
5775,7040
5776,50
5777,2040
5778,24
5779,10
5780,56
5781,10
5782,192
5783,3
5784,30
5785,50
5786,145
5787,44
5788,12750
5789,200
5790,110
5791,2
5792,10800
5793,1020
5794,40
5795,243
5796,420
5797,6
5798,0.4
5799,1.8
5800,540
5801,8
5802,250
5803,147
5804,3
5805,2
5806,40
5807,230
5808,1000
5809,1200
5810,12
5811,75/53
5812,5
5813,362.5
5814,227
5815,2916
5816,45
5817,+22
5818,2
5819,300
5820,10.8
5821,36
5822,10
5823,+6
5824,28
5825,15
5826,8
5827,3
5828,240
5829,23810
5830,2550
5831,80
5832,3275
5833,20
5834,500
5835,1500
5836,2000
5837,4
5838,15.7
5839,6.28
5840,16
5841,24
5842,60
5843,6
5844,106
5845,93
5846,94
5847,1600
5848,140
5849,11.08
5850,13
5851,1
5852,375
5853,8640
5854,4
5855,9750
5856,9000
5857,50
5858,2940
5859,24
5860,7
5861,3.2
5862,126.7
5863,690
5864,40
5865,1.1
5866,2700
5867,3
5868,3/10
5869,0.19
5870,15
5871,12
5872,120
5873,25
5874,180
5875,50.265
5876,32
5877,72
5878,2
5879,450
5880,6
5881,501
5882,1
5883,499
5884,3/2
5885,100
5886,13.5
5887,4.5
5888,50
5889,+2.02
5890,38
5891,90
5892,40
5893,37.8
5894,2000
5895,32
5896,2250
5897,6
5898,5400
5899,12
5900,108000
5901,6
5902,2.75
5903,270
5904,27000
5905,85.5
5906,46
5907,7
5908,21
5909,7
5910,49
5911,9
5912,16
5913,33
5914,25
5915,8
5916,3
5917,7
5918,50
5919,50
5920,46
5921,8
5922,8
5923,18
5924,41
5925,42
5926,36
5927,10
5928,420
5929,1021
5930,5
5931,800
5932,3
5933,72
5934,42
5935,26
5936,41
5937,8
5938,6
5939,35
5940,12
5941,20
5942,10
5943,15
5944,15
5945,10
5946,10
5947,42
5948,46
5949,56
5950,9
5951,8
5952,12
5953,11
5954,9
5955,42
5956,21
5957,31
5958,82
5959,44
5960,10
5961,50
5962,18
5963,36
5964,24
5965,24
5966,16
5967,53
5968,41
5969,15
5970,72
5971,53
5972,4
5973,1
5974,5
5975,6
5976,28
5977,48
5978,2
5979,12
5980,3
5981,38
5982,1.5
5983,4
5984,22
5985,60
5986,9
5987,34
5988,17
5989,27
5990,10
5991,4
5992,4
5993,18
5994,18
5995,20
5996,6
5997,4
5998,8
5999,5
6000,7
6001,21
6002,6
6003,6
6004,26
6005,47
6006,6
6007,9
6008,47
6009,81
6010,19
6011,28
6012,20
6013,20
6014,46
6015,44
6016,27
6017,4
6018,15
6019,25
6020,31
6021,62
6022,19
6023,6
6024,4
6025,15
6026,18
6027,13
6028,3
6029,11
6030,25
6031,31
6032,91
6033,35
6034,90
6035,56
6036,26
6037,81
6038,55
6039,6
6040,97
6041,51
6042,88
6043,16
6044,78
6045,57
6046,26
6047,4
6048,26
6049,21
6050,18
6051,26
6052,31
6053,27
6054,15
6055,88
6056,57
6057,7
6058,16
6059,8
6060,81
6061,81
6062,37
6063,79
6064,24
6065,18
6066,23
6067,27
6068,23
6069,18
6070,19
6071,9
6072,24
6073,80
6074,26
6075,20
6076,4
6077,20
6078,3
6079,25
6080,8
6081,6
6082,22
6083,74
6084,41
6085,37
6086,45
6087,19
6088,24
6089,31
6090,42
6091,11
6092,84
6093,40
6094,44
6095,30
6096,20
6097,35
6098,45
6099,25
6100,8
6101,8
6102,14
6103,47
6104,10
6105,72
6106,34
6107,9
6108,6
6109,3
6110,18
6111,4
6112,19
6113,10
6114,7
6115,7
6116,27
6117,30
6118,35
6119,16
6120,13
6121,56
6122,32
6123,18
6124,33
6125,32
6126,16
6127,24
6128,23
6129,4
6130,6
6131,8
6132,16
6133,15
6134,18
6135,8
6136,18
6137,6
6138,15
6139,49
6140,18
6141,20
6142,82
6143,16
6144,27
6145,21
6146,8
6147,27
6148,46
6149,2
6150,4
6151,80
6152,68
6153,26
6154,20
6155,45
6156,270
6157,139
6158,492
6159,798
6160,3
6161,40
6162,150
6163,5
6164,0.8
6165,2
6166,94
6167,1791
6168,528
6169,720
6170,121
6171,21
6172,4
6173,1620
6174,30
6175,90
6176,175
6177,2400
6178,4.8
6179,7
6180,38
6181,27
6182,88
6183,40
6184,2500
6185,320
6186,61
6187,4360
6188,560
6189,543
6190,181
6191,85
6192,450
6193,90
6194,95
6195,1880
6196,240
6197,+1300
6198,1008
6199,6
6200,16
6201,48
6202,4
6203,6
6204,40
6205,40
6206,72
6207,9
6208,100
6209,23
6210,78
6211,136
6212,358
6213,240
6214,142
6215,270
6216,99
6217,50
6218,24
6219,4
6220,477
6221,696
6222,129
6223,39
6224,22
6225,9
6226,52
6227,9
6228,9
6229,18
6230,315
6231,362
6232,8
6233,220
6234,14
6235,2200
6236,98
6237,96
6238,113
6239,16
6240,360
6241,33
6242,210
6243,5
6244,6
6245,265
6246,278
6247,88
6248,219
6249,150
6250,5
6251,5
6252,116
6253,200
6254,36
6255,146
6256,78
6257,100
6258,6
6259,225
6260,11
6261,6
6262,1152
6263,3840
6264,91
6265,7
6266,50
6267,3
6268,21
6269,540
6270,4000
6271,120
6272,800
6273,27
6274,41.2
6275,600
6276,2
6277,63
6278,250
6279,4
6280,5
6281,344
6282,186
6283,10
6284,21
6285,1.16
6286,3.61
6287,22
6288,210
6289,32
6290,64
6291,40
6292,2
6293,47.50
6294,51.6
6295,3
6296,1200
6297,75
6298,67.70
6299,56
6300,22.4
6301,12
6302,307
6303,510
6304,64
6305,165
6306,223650
6307,315
6308,6
6309,74
6310,157
6311,8
6312,50
6313,5
6314,120
6315,72
6316,16
6317,42
6318,7800
6319,400
6320,10
6321,64
6322,4200
6323,308
6324,1
6325,72
6326,6
6327,740
6328,130
6329,2800
6330,6120
6331,11120
6332,710
6333,5850
6334,4800
6335,696
6336,125
6337,900
6338,9
6339,40
6340,160
6341,48
6342,160
6343,440
6344,40
6345,5
6346,6
6347,18
6348,48
6349,2
6350,20
6351,3600
6352,13
6353,75
6354,250
6355,5
6356,12
6357,1200
6358,16
6359,50
6360,19
6361,110
6362,6405
6363,30
6364,6
6365,81/60
6366,6
6367,8
6368,11
6369,758
6370,47
6371,24
6372,90
6373,1/3
6374,8
6375,107
6376,714
6377,1872
6378,18
6379,10
6380,13
6381,20
6382,12
6383,7000
6384,2
6385,240
6386,78
6387,6000
6388,17.5
6389,1.2
6390,60
6391,1.2
6392,12
6393,21
6394,100
6395,420
6396,6720
6397,5.2
6398,4.3
6399,1428
6400,158
6401,800
6402,50
6403,6
6404,200
6405,240
6406,675
6407,900
6408,660
6409,20000
6410,12000
6411,1
6412,2500
6413,35
6414,40
6415,176.58
6416,142.1
6417,51.4
6418,1950
6419,19
6420,6480
6421,708
6422,1980
6423,45
6424,210
6425,15
6426,750
6427,180
6428,7
6429,27
6430,13.5
6431,32
6432,2
6433,2160
6434,145
6435,160
6436,288
6437,4050
6438,18
6439,17
6440,1200
6441,5100
6442,8
6443,50
6444,40
6445,86.1
6446,5.88
6447,188.8
6448,16
6449,65
6450,349.44
6451,32
6452,38
6453,19
6454,73
6455,10.8
6456,630
6457,8.8
6458,16.8
6459,648
6460,120
6461,7.5
6462,40
6463,110
6464,1920
6465,800
6466,66
6467,10
6468,21
6469,21
6470,20
6471,40
6472,26
6473,8
6474,6
6475,1
6476,100/3
6477,9
6478,4
6479,40
6480,48
6481,80
6482,48
6483,1315
6484,6
6485,300
6486,8
6487,49
6488,4
6489,6
6490,4
6491,70
6492,72
6493,105
6494,8
6495,62.8
6496,90
6497,2
6498,29.8
6499,24.2
6500,44
6501,60
6502,4/60
6503,20/3
6504,24
6505,600
6506,63
6507,180
6508,95
6509,16
6510,35
6511,140
6512,64
6513,325
6514,368
6515,1
6516,242
6517,34
6518,1.05
6519,3050
6520,17
6521,1568
6522,5
6523,1.73
6524,8
6525,4
6526,288
6527,22.5
6528,62
6529,91
6530,1050
6531,8.4
6532,32
6533,6
6534,2700
6535,30
6536,176
6537,54
6538,170
6539,15
6540,160
6541,25
6542,1680
6543,222
6544,5
6545,94860
6546,2000
6547,400
6548,147
6549,375
6550,16
6551,1872
6552,206
6553,10
6554,4
6555,648
6556,123
6557,27
6558,69
6559,4
6560,32
6561,660
6562,2.57
6563,16
6564,616
6565,35
6566,24
6567,17
6568,22875
6569,80
6570,160
6571,45
6572,3800
6573,1800
6574,0
6575,0
6576,0
6577,0
6578,0
6579,0
6580,0
6581,0
6582,0
6583,0
6584,0
6585,0
6586,0
6587,0
6588,0
6589,0
6590,0
6591,0
6592,0
6593,0
6594,0
6595,0
6596,0
6597,0
6598,0
6599,0
6600,0
6601,0
6602,0
6603,0
6604,0
6605,0
6606,0
6607,0
6608,0
6609,0
6610,0
6611,0
6612,0
6613,0
6614,0
6615,0
6616,0
6617,0
6618,0
6619,0
6620,0
6621,0
6622,0
6623,0
6624,0
6625,0
6626,0
6627,0
6628,0
6629,0
6630,0
6631,0
6632,0
6633,0
6634,0
6635,0
6636,0
6637,0
6638,0
6639,0
6640,0
6641,0
6642,0
6643,0
6644,0
6645,0
6646,0
6647,0
6648,0
6649,0
6650,0
6651,0
6652,0
6653,0
6654,0
6655,0
6656,0
6657,0
6658,0
6659,0
6660,0
6661,0
6662,0
6663,0
6664,0
6665,0
6666,0
6667,0
6668,0
6669,0
6670,0
6671,0
6672,0
6673,0
6674,0
6675,0
6676,0
6677,0
6678,0
6679,0
6680,0
6681,0
6682,0
6683,0
6684,0
6685,0
6686,0
6687,0
6688,0
6689,0
6690,0
6691,0
6692,0
6693,0
6694,0
6695,0
6696,0
6697,0
6698,0
6699,0
6700,0
6701,0
6702,0
6703,0
6704,0
6705,0
6706,0
6707,0
6708,0
6709,0
6710,0
6711,0
6712,0
6713,0
6714,0
6715,0
6716,0
6717,0
6718,0
6719,0
6720,0
6721,0
6722,0
6723,0
6724,0
6725,0
6726,0
6727,0
6728,0
6729,0
6730,0
6731,0
6732,0
6733,0
6734,0
6735,0
6736,0
6737,0
6738,0
6739,0
6740,0
6741,0
6742,0
6743,0
6744,0
6745,0
6746,0
6747,0
6748,0
6749,0
6750,0
6751,0
6752,0
6753,0
6754,0
6755,0
6756,0
6757,0
6758,0
6759,0
6760,0
6761,0
6762,0
6763,0
6764,0
6765,0
6766,0
6767,0
6768,0
6769,0
6770,0
6771,0
6772,0
6773,0
6774,0
6775,0
6776,0
6777,0
6778,0
6779,0
6780,0
6781,0
6782,0
6783,0
6784,0
6785,0
6786,0
6787,0
6788,0
6789,0
6790,0
6791,0
6792,0
6793,0
6794,0
6795,0
6796,0
6797,0
6798,0
6799,0
6800,0
6801,0
6802,0
6803,0
6804,0
6805,0
6806,0
6807,0
6808,0
6809,0
6810,0
6811,0
6812,0
6813,0
6814,0
6815,0
6816,0
6817,0
6818,0
6819,0
6820,0
6821,0
6822,0
6823,0
6824,0
6825,0
6826,0
6827,0
6828,0
6829,0
6830,0
6831,0
6832,0
6833,0
6834,0
6835,0
6836,0
6837,0
6838,0
6839,0
6840,0
6841,0
6842,0
6843,0
6844,0
6845,0
6846,0
6847,0
6848,0
6849,0
6850,0
6851,0
6852,0
6853,0
6854,0
6855,0
6856,0
6857,0
6858,0
6859,0
6860,0
6861,0
6862,0
6863,0
6864,0
6865,0
6866,0
6867,0
6868,0
6869,0
6870,0
6871,0
6872,0
6873,0
6874,0
6875,0
6876,0
6877,0
6878,0
6879,0
6880,0
6881,0
6882,0
6883,0
6884,0
6885,0
6886,0
6887,0
6888,0
6889,0
6890,0
6891,0
6892,0
6893,0
6894,0
6895,0
6896,0
6897,0
6898,0
6899,0
6900,0
6901,0
6902,0
6903,0
6904,0
6905,0
6906,0
6907,0
6908,0
6909,0
6910,0
6911,0
6912,0
6913,0
6914,0
6915,0
6916,0
6917,0
6918,0
6919,0
6920,0
6921,0
6922,0
6923,0
6924,0
6925,0
6926,0
6927,0
6928,0
6929,0
6930,0
6931,0
6932,0
6933,0
6934,0
6935,0
6936,0
6937,0
6938,0
6939,0
6940,0
6941,0
6942,0
6943,0
6944,0
6945,0
6946,0
6947,0
6948,0
6949,0
6950,0
6951,0
6952,0
6953,0
6954,0
6955,0
6956,0
6957,0
6958,0
6959,0
6960,0
6961,0
6962,0
6963,0
6964,0
6965,0
6966,0
6967,0
6968,0
6969,0
6970,0
6971,0
6972,0
6973,0
6974,0
6975,0
6976,0
6977,0
6978,0
6979,0
6980,0
6981,0
6982,0
6983,0
6984,0
6985,0
6986,0
6987,0
6988,0
6989,0
6990,0
6991,0
6992,0
6993,0
6994,0
6995,0
6996,0
6997,0
6998,0
6999,0
7000,0
7001,0
7002,0
7003,0
7004,0
7005,0
7006,0
7007,0
7008,0
7009,0
7010,0
7011,0
7012,0
7013,0
7014,0
7015,0
7016,0
7017,0
7018,0
7019,0
7020,0
7021,0
7022,0
7023,0
7024,0
7025,0
7026,0
7027,0
7028,0
7029,0
7030,0
7031,0
7032,0
7033,0
7034,0
7035,0
7036,0
7037,0
7038,0
7039,0
7040,0
7041,0
7042,0
7043,0
7044,0
7045,0
7046,0
7047,0
7048,0
7049,0
7050,0
7051,0
7052,0
7053,0
7054,0
7055,0
7056,0
7057,0
7058,0
7059,0
7060,0
7061,0
7062,0
7063,0
7064,0
7065,0
7066,0
7067,0
7068,0
7069,0
7070,0
7071,0
7072,0
7073,0
7074,0
7075,0
7076,0
7077,0
7078,0
7079,0
7080,0
7081,0
7082,0
7083,0
7084,0
7085,0
7086,0
7087,0
7088,0
7089,0
7090,0
7091,0
7092,0
7093,0
7094,0
7095,0
7096,0
7097,0
7098,0
7099,0
7100,0
7101,0
7102,0
7103,0
7104,0
7105,0
7106,0
7107,0
7108,0
7109,0
7110,0
7111,0
7112,0
7113,0
7114,0
7115,0
7116,0
7117,0
7118,0
7119,0
7120,0
7121,0
7122,0
7123,0
7124,0
7125,0
7126,0
7127,0
7128,0
7129,0
7130,0
7131,0
7132,0
7133,0
7134,0
7135,0
7136,0
7137,0
7138,0
7139,0
7140,0
7141,0
7142,0
7143,0
7144,0
7145,0
7146,0
7147,0
7148,0
7149,0
7150,0
7151,0
7152,0
7153,0
7154,0
7155,0
7156,0
7157,0
7158,0
7159,0
7160,0
7161,0
7162,0
7163,0
7164,0
7165,0
7166,0
7167,0
7168,0
7169,0
7170,0
7171,0
7172,0
7173,0
7174,0
7175,0
7176,0
7177,0
7178,0
7179,0
7180,0
7181,0
7182,0
7183,0
7184,0
7185,0
7186,0
7187,0
7188,0
7189,0
7190,0
7191,0
7192,0
7193,0
7194,0
7195,0
7196,0
7197,0
7198,0
7199,0
7200,0
7201,0
7202,0
7203,0
7204,0
7205,0
7206,0
7207,0
7208,0
7209,0
7210,0
7211,0
7212,0
7213,0
7214,0
7215,0
7216,0
7217,0
7218,0
7219,0
7220,0
7221,0
7222,0
7223,0
7224,0
7225,0
7226,0
7227,0
7228,0
7229,0
7230,0
7231,0
7232,0
7233,0
7234,0
7235,0
7236,0
7237,0
7238,0
7239,0
7240,0
7241,0
7242,0
7243,0
7244,0
7245,0
7246,0
7247,0
7248,0
7249,0
7250,0
7251,0
7252,0
7253,0
7254,0
7255,0
7256,0
7257,0
7258,0
7259,0
7260,0
7261,0
7262,0
7263,0
7264,0
7265,0
7266,0
7267,0
7268,0
7269,0
7270,0
7271,0
7272,0
7273,0
7274,0
7275,0
7276,0
7277,0
7278,0
7279,0
7280,0
7281,0
7282,0
7283,0
7284,0
7285,0
7286,0
7287,0
7288,0
7289,0
7290,0
7291,0
7292,0
7293,0
7294,0
7295,0
7296,0
7297,0
7298,0
7299,0
7300,0
7301,0
7302,0
7303,0
7304,0
7305,0
7306,0
7307,0
7308,0
7309,0
7310,0
7311,0
7312,0
7313,0
7314,0
7315,0
7316,0
7317,0
7318,0
7319,0
7320,0
7321,0
7322,0
7323,0
7324,0
7325,0
7326,0
7327,0
7328,0
7329,0
7330,0
7331,0
7332,0
7333,0
7334,0
7335,0
7336,0
7337,0
7338,0
7339,0
7340,0
7341,0
7342,0
7343,0
7344,0
7345,0
7346,0
7347,0
7348,0
7349,0
7350,0
7351,0
7352,0
7353,0
7354,0
7355,0
7356,0
7357,0
7358,0
7359,0
7360,0
7361,0
7362,0
7363,0
7364,0
7365,0
7366,0
7367,0
7368,0
7369,0
7370,0
7371,0
7372,0
7373,0
7374,0
7375,0
7376,0
7377,0
7378,0
7379,0
7380,0
7381,0
7382,0
7383,0
7384,0
7385,0
7386,0
7387,0
7388,0
7389,0
7390,0
7391,0
7392,0
7393,0
7394,0
7395,0
7396,0
7397,0
7398,0
7399,0
7400,0
7401,0
7402,0
7403,0
7404,0
7405,0
7406,0
7407,0
7408,0
7409,0
7410,0
7411,0
7412,0
7413,0
7414,0
7415,0
7416,0
7417,0
7418,0
7419,0
7420,0
7421,0
7422,0
7423,0
7424,0
7425,0
7426,0
7427,0
7428,0
7429,0
7430,0
7431,0
7432,0
7433,0
7434,0
7435,0
7436,0
7437,0
7438,0
7439,0
7440,0
7441,0
7442,0
7443,0
7444,0
7445,0
7446,0
7447,0
7448,0
7449,0
7450,0
7451,0
7452,0
7453,0
7454,0
7455,0
7456,0
7457,0
7458,0
7459,0
7460,0
7461,0
7462,0
7463,0
7464,0
7465,0
7466,0
7467,0
7468,0
7469,0
7470,0
7471,0
7472,0
7473,0
7474,0
7475,0
7476,0
7477,0
7478,0
7479,0
7480,0
7481,0
7482,0
7483,0
7484,0
7485,0
7486,0
7487,0
7488,0
7489,0
7490,0
7491,0
7492,0
7493,0
7494,0
7495,0
7496,0
7497,0
7498,0
7499,0
7500,0
7501,0
7502,0
7503,0
7504,0
7505,0
7506,0
7507,0
7508,0
7509,0
7510,0
7511,0
7512,0
7513,0
7514,0
7515,0
7516,0
7517,0
7518,0
7519,0
7520,0
7521,0
7522,0
7523,0
7524,0
7525,0
7526,0
7527,0
7528,0
7529,0
7530,0
7531,0
7532,0
7533,0
7534,0
7535,0
7536,0
7537,0
7538,0
7539,0
7540,0
7541,0
7542,0
7543,0
7544,0
7545,0
7546,0
7547,0
7548,0
7549,0
7550,0
7551,0
7552,0
7553,0
7554,0
7555,0
7556,0
7557,0
7558,0
7559,0
7560,0
7561,0
7562,0
7563,0
7564,0
7565,0
7566,0
7567,0
7568,0
7569,0
7570,0
7571,0
7572,0
7573,0
7574,0
7575,0
7576,0
7577,0
7578,0
7579,0
7580,0
7581,0
7582,0
7583,0
7584,0
7585,0
7586,0
7587,0
7588,0
7589,0
7590,0
7591,0
7592,0
7593,0
7594,0
7595,0
7596,0
7597,0
7598,0
7599,0
7600,0
7601,0
7602,0
7603,0
7604,0
7605,0
7606,0
7607,0
7608,0
7609,0
7610,0
7611,0
7612,0
7613,0
7614,0
7615,0
7616,0
7617,0
7618,0
7619,0
7620,0
7621,0
7622,0
7623,0
7624,0
7625,0
7626,0
7627,0
7628,0
7629,0
7630,0
7631,0
7632,0
7633,0
7634,0
7635,0
7636,0
7637,0
7638,0
7639,0
7640,0
7641,0
7642,0
7643,0
7644,0
7645,0
7646,0
7647,0
7648,0
7649,0
7650,0
7651,0
7652,0
7653,0
7654,0
7655,0
7656,0
7657,0
7658,0
7659,0
7660,0
7661,0
7662,0
7663,0
7664,0
7665,0
7666,0
7667,0
7668,0
7669,0
7670,0
7671,0
7672,0
7673,0
7674,0
7675,0
7676,0
7677,0
7678,0
7679,0
7680,0
7681,0
7682,0
7683,0
7684,0
7685,0
7686,0
7687,0
7688,0
7689,0
7690,0
7691,0
7692,0
7693,0
7694,0
7695,0
7696,0
7697,0
7698,0
7699,0
7700,0
7701,0
7702,0
7703,0
7704,0
7705,0
7706,0
7707,0
7708,0
7709,0
7710,0
7711,0
7712,0
7713,0
7714,0
7715,0
7716,0
7717,0
7718,0
7719,0
7720,0
7721,0
7722,0
7723,0
7724,0
7725,0
7726,0
7727,0
7728,0
7729,0
7730,0
7731,0
7732,0
7733,0
7734,0
7735,0
7736,0
7737,0
7738,0
7739,0
7740,0
7741,0
7742,0
7743,0
7744,0
7745,0
7746,0
7747,0
7748,0
7749,0
7750,0
7751,0
7752,0
7753,0
7754,0
7755,0
7756,0
7757,0
7758,0
7759,0
7760,0
7761,0
7762,0
7763,0
7764,0
7765,0
7766,0
7767,0
7768,0
7769,0
7770,0
7771,0
7772,0
7773,0
7774,0
7775,0
7776,0
7777,0
7778,0
7779,0
7780,0
7781,0
7782,0
7783,0
7784,0
7785,0
7786,0
7787,0
7788,0
7789,0
7790,0
7791,0
7792,0
7793,0
7794,0
7795,0
7796,0
7797,0
7798,0
7799,0
7800,0
7801,0
7802,0
7803,0
7804,0
7805,0
7806,0
7807,0
7808,0
7809,0
7810,0
7811,0
7812,0
7813,0
7814,0
7815,0
7816,0
7817,0
7818,0
7819,0
7820,0
7821,0
7822,0
7823,0
7824,0
7825,0
7826,0
7827,0
7828,0
7829,0
7830,0
7831,0
7832,0
7833,0
7834,0
7835,0
7836,0
7837,0
7838,0
7839,0
7840,0
7841,0
7842,0
7843,0
7844,0
7845,0
7846,0
7847,0
7848,0
7849,0
7850,0
7851,0
7852,0
7853,0
7854,0
7855,0
7856,0
7857,0
7858,0
7859,0
7860,0
7861,0
7862,0
7863,0
7864,0
7865,0
7866,0
7867,0
7868,0
7869,0
7870,0
7871,0
7872,0
7873,0
7874,0
7875,0
7876,0
7877,0
7878,0
7879,0
7880,0
7881,0
7882,0
7883,0
7884,0
7885,0
7886,0
7887,0
7888,0
7889,0
7890,0
7891,0
7892,0
7893,0
7894,0
7895,0
7896,0
7897,0
7898,0
7899,0
7900,0
7901,0
7902,0
7903,0
7904,0
7905,0
7906,0
7907,0
7908,0
7909,0
7910,0
7911,0
7912,0
7913,0
7914,0
7915,0
7916,0
7917,0
7918,0
7919,0
7920,0
7921,0
7922,0
7923,0
7924,0
7925,0
7926,0
7927,0
7928,0
7929,0
7930,0
7931,0
7932,0
7933,0
7934,0
7935,0
7936,0
7937,0
7938,0
7939,0
7940,0
7941,0
7942,0
7943,0
7944,0
7945,0
7946,0
7947,0
7948,0
7949,0
7950,0
7951,0
7952,0
7953,0
7954,0
7955,0
7956,0
7957,0
7958,0
7959,0
7960,0
7961,0
7962,0
7963,0
7964,0
7965,0
7966,0
7967,0
7968,0
7969,0
7970,0
7971,0
7972,0
7973,0
7974,0
7975,0
7976,0
7977,0
7978,0
7979,0
7980,0
7981,0
7982,0
7983,0
7984,0
7985,0
7986,0
7987,0
7988,0
7989,0
7990,0
7991,0
7992,0
7993,0
7994,0
7995,0
7996,0
7997,0
7998,0
7999,0
