0,3000.676
1,37
2,11
3,11/30
4,6
5,1170
6,600
7,4850
8,8.7
9,3
10,41
11,1050
12,60
13,56
14,36
15,8172
16,16
17,23.3
18,322.5
19,10
20,180
21,5
22,100
23,44
24,276
25,53
26,28
27,28
28,3.14
29,1950
30,2.16
31,72
32,9
33,720
34,50
35,11/20
36,251
37,6
38,7/60
39,44
40,400
41,24
42,6
43,500
44,8
45,16
46,95
47,288
48,44
49,280
50,724
51,9
52,9500
53,280
54,800
55,120
56,142
57,4875
58,1248
59,9
60,14
61,1201
62,1300
63,768
64,1176
65,3528
66,13992
67,350
68,3360
69,765
70,12
71,585.6
72,6600
73,5/8
74,375
75,3.8
76,26
77,3/10
78,24
79,294
80,3.2
81,121
82,8
83,156
84,260
85,20%
86,15
87,30
88,324
89,374
90,11.76
91,460
92,16
93,1565
94,400
95,164.92
96,8
97,160
98,5
99,260
100,2273.6
101,400
102,3483.4
103,15
104,120/7
105,56
106,5/9
107,19790
108,10.9
109,6
110,7/10
111,1200
112,560
113,150
114,20
115,100
116,13995
117,623
118,192
119,124
120,1.84
121,14
122,9.2
123,169
124,20000
125,90%
126,360
127,0.25
128,175
129,770
130,7/9
131,5121
132,10
133,16
134,11200
135,11
136,600
137,200
138,12
139,87
140,80
141,230
142,72
143,15
144,8139.28
145,356
146,10
147,8400
148,48000
149,9
150,1/3
151,494
152,2.5
153,285
154,8000
155,3/10
156,40/7
157,600
158,96
159,2000
160,30
161,50
162,5
163,7
164,28
165,4050
166,350
167,300
168,11
169,528
170,6
171,6
172,280
173,144
174,1/35
175,14
176,44
177,9
178,8
179,12
180,40
181,40.82
182,12
183,27
184,23/60
185,650
186,5000
187,10
188,312
189,17
190,850
191,87.92
192,10395
193,910
194,1400
195,2100
196,688
197,56.52
198,450
199,219.2
200,600
201,114
202,18
203,7/20
204,4
205,44
206,4/9
207,6
208,40
209,1236
210,6
211,64.65
212,2802
213,32299.05
214,6
215,6125
216,25
217,5.1
218,63048
219,2000
220,5
221,333
222,20
223,16
224,160
225,1920
226,32
227,9
228,1.8
229,168
230,192
231,303
232,3000
233,207
234,684
235,2025
236,283
237,5250
238,1/9
239,205
240,800
241,1680
242,11/8
243,5375
244,432
245,3/5
246,25
247,19/24
248,240
249,8
250,3.5
251,60
252,3186.6
253,1260
254,975
255,6000
256,1536
257,7
258,580
259,5
260,2655
261,240
262,40
263,192
264,4.8
265,6
266,5/24
267,162
268,22
269,94
270,25000
271,12310
272,75
273,12
274,520
275,1595
276,230
277,6
278,32
279,750
280,60.32
281,8
282,5.76
283,744
284,54
285,18
286,240
287,579
288,12.6
289,2250
290,964
291,5
292,100
293,522
294,16
295,20
296,4920
297,3
298,4
299,104
300,224
301,5/4
302,6
303,9
304,81
305,7850
306,9
307,18
308,50
309,6
310,72.93
311,450
312,32
313,2/7
314,36
315,60
316,400
317,324
318,900
319,1/2
320,8
321,432
322,3/8
323,29/40
324,2/5
325,6
326,3300
327,68.75
328,674
329,2.5
330,10925
331,434000
332,16000
333,300
334,4/7
335,1344
336,15
337,1620
338,6
339,10
340,25
341,90
342,21
343,56
344,60
345,100
346,48
347,4
348,425
349,6
350,320
351,600
352,450
353,1514
354,156
355,50
356,127
357,50
358,25000
359,8
360,11304
361,1256
362,50
363,17
364,10
365,540
366,1/7
367,32
368,1/4
369,219
370,150
371,242
372,10
373,8
374,36
375,1350
376,601
377,90.432
378,4489
379,4_2/7
380,70
381,38
382,2/5
383,6240
384,56625
385,90
386,60
387,113.04
388,200
389,18
390,3
391,1260
392,768
393,700
394,39.25
395,115000
396,450
397,11
398,6592
399,13
400,180
401,136
402,864
403,2.5
404,610
405,32
406,12
407,4/15
408,5
409,3.14
410,12
411,5
412,1/8
413,800
414,10
415,1036
416,55
417,8
418,1320
419,20
420,2/9
421,1
422,303
423,1.2
424,0.56
425,15.24
426,3.3
427,1040
428,233
429,1200
430,580
431,1200
432,384
433,102
434,12960
435,31
436,620
437,44
438,0.94
439,4800
440,1/4
441,41
442,410
443,87.5
444,64
445,1092
446,3/5
447,0.425
448,20
449,1920
450,836
451,68
452,5.5%
453,10000
454,30
455,133
456,1080
457,60
458,76
459,390
460,24
461,2400
462,35
463,800
464,12
465,1710
466,225
467,126
468,22
469,30
470,12
471,12
472,700
473,125.6
474,16
475,21/2
476,469
477,2.5
478,1152
479,396
480,160
481,533
482,13/40
483,3.5
484,30
485,280
486,120
487,216
488,15
489,1184
490,4
491,96
492,200
493,44.72
494,440
495,2093.26
496,1440
497,1440
498,60
499,1376
500,272
501,790
502,960/3=320
503,750
504,885
505,735
506,200
507,650
508,94.2
509,27
510,66000
511,15
512,17/40
513,7
514,110
515,60
516,786
517,0.48
518,1/2
519,431
520,45
521,8
522,355
523,1890
524,3/8,,,,
525,200
526,340
527,98.5
528,120
529,157.076
530,120
531,2
532,200
533,24.3
534,24
535,4500
536,1.44
537,20
538,7
539,96
540,216
541,160
542,216
543,2700
544,44
545,80
546,0.017
547,78
548,7.5
549,60
550,1390
551,34.54
552,48
553,15
554,1100
555,625
556,11
557,33
558,15.7
559,75.36
560,0.45
561,6
562,4
563,95
564,44
565,60
566,1150
567,294
568,560
569,2250
570,192
571,16.8
572,10710
573,18
574,2500
575,39.99
576,2
577,2.0
578,150
579,260
580,1600
581,4
582,363.5
583,225
584,10
585,9
586,35
587,24
588,50
589,2880
590,143
591,16
592,300
593,0.5
594,6
595,87.92
596,0.9
597,920
598,192
599,60000
600,490
601,2
602,7.5
603,100
604,70
605,2/5
606,800
607,7.5
608,5
609,62
610,900
611,8
612,696
613,60
614,9.6
615,9240
616,82.55
617,40
618,45.5288
619,80
620,89.4
621,50
622,800
623,114
624,49
625,15
626,440
627,1800
628,49
629,27
630,30
631,25.12
632,3.2
633,2000
634,14088
635,9.2%
636,9.25%
637,33.3%
638,97.5%
639,30
640,25
641,65
642,40
643,38
644,300
645,4
646,20
647,24
648,215
649,120
650,200
651,60
652,15/4
653,25
654,98.4%
655,49
656,50/3
657,96%
658,120
659,90%
660,60
661,480
662,950
663,70%
664,60
665,1095.1
666,5000
667,100
668,2
669,12000
670,40
671,425
672,48
673,100
674,5
675,92%
676,8
677,11
678,98%
679,96%
680,20000
681,4600
682,240
683,450
684,21
685,42
686,1800
687,120
688,3600
689,25
690,320
691,1500
692,81
693,1
694,30
695,450
696,72
697,22.5
698,37/40
699,67.5
700,180
701,120
702,4
703,100
704,4
705,13
706,94%
707,5/8
708,20
709,72
710,3200
711,39
712,24000
713,0.3
714,11.1%
715,1000
716,240
717,19200
718,24
719,29
720,1500
721,37.68
722,112.5
723,200
724,28
725,425
726,425
727,117
728,300
729,525
730,160
731,15
732,36
733,100
734,195
735,1350
736,12
737,20
738,77
739,160
740,95%
741,2.25
742,1/4
743,51.8
744,800
745,1600
746,60
747,114.6
748,33
749,328
750,11
751,76
752,20
753,11
754,350
755,250
756,5
757,48
758,1
759,1120
760,600
761,30
762,1256.4
763,228.36
764,43.5
765,160
766,21792
767,3.76
768,400
769,24
770,861
771,120
772,127
773,57.5
774,3000
775,42
776,75.36
777,160
778,420
779,4
780,6
781,2400
782,1920
783,5
784,117
785,156
786,12.56
787,20
788,400
789,480
790,96.8%
791,1296
792,625
793,150
794,112.49
795,2250
796,6
797,24
798,5
799,1120
800,41
801,56
802,72
803,60
804,40
805,17.2
806,125
807,80
808,5
809,32
810,1.75
811,59
812,8
813,157.75
814,15
815,4000
816,2000
817,12,,,,
818,7
819,90
820,108
821,480
822,92
823,80
824,50.24
825,105
826,1422
827,40
828,12
829,42
830,290
831,160
832,540
833,30
834,75
835,240
836,42
837,128
838,38
839,5
840,6
841,5
842,9
843,72.5
844,546
845,88
846,16
847,42
848,1100
849,6
850,120
851,600
852,35
853,20
854,20
855,123/100
856,20
857,648
858,14
859,26
860,20
861,200
862,41
863,2/7
864,4000
865,11
866,1.5L
867,31
868,22.5
869,2
870,13.2
871,1800
872,9
873,63
874,38
875,13
876,10000
877,12.5%
878,15.072
879,78.5%
880,160
881,600
882,30
883,5
884,112
885,31和34
886,180
887,47.1
888,26
889,34
890,4
891,388.8
892,45.4
893,59.4
894,72
895,11
896,294
897,11
898,4800
899,24000
900,4000
901,207000
902,17
903,125
904,3
905,24
906,200
907,1.68
908,26
909,50.24
910,5
911,6.56
912,300
913,12
914,5.55
915,445
916,13780
917,87.92
918,113.04
919,3.4
920,200
921,3.5
922,10
923,94.4%
924,800
925,240
926,94.4%
927,112.5
928,60
929,4.4
930,4000
931,50000
932,120
933,192
934,7.1
935,3500
936,60
937,60
938,6.66
939,17
940,72
941,8
942,198
943,48
944,11
945,5/12
946,176
947,5
948,270
949,48
950,0.6
951,8
952,40
953,810
954,594
955,10
956,16
957,12000
958,25000
959,13000000000000000000000000000000000000000000000000000000000000000000000000000000000000000000000000000000000000000000000000000000000000000000000000000000000000000000000000000000000000000000000000000000000000000000000000000000000000000000000000000000000000000000000000000000000000000000000000000000000000000000000000000000000000000000000000000000000000000000000000000000000000000000000000000000000000000000000000000000000000000000000000000000000000000000000000000000000000000000000000000000000000000000000000000000
960,6
961,7
962,640
963,31050
964,16m
965,2.5
966,15
967,7.4
968,120
969,1/8
970,152.4
971,10
972,3509
973,365
974,41
975,12
976,70
977,12
978,350.28
979,870
980,131.5
981,1320
982,30
983,448
984,3.6%
985,76
986,294.4
987,10
988,3,,,,,,
989,120
990,10
991,10380
992,601
993,686
994,10%
995,2040
996,1/11
997,108
998,72
999,1/5
1000,1.57
1001,360
1002,170
1003,30
1004,6
1005,10%
1006,100
1007,26
1008,9977.76
1009,3/8
1010,1.5
1011,169
1012,312.5
1013,40%
1014,5
1015,400
1016,15
1017,25
1018,78
1019,2/3
1020,8
1021,33.3%
1022,29.4%
1023,125.6
1024,90
1025,41440
1026,15500
1027,1/4,哥哥的邮票张数是5个,那么弟弟的邮票张数比哥哥少2个,即1/4.4
1028,24
1029,76
1030,24和18
1031,200.6
1032,21
1033,6
1034,168
1035,306
1036,0.36
1037,30
1038,1600
1039,40
1040,6
1041,11000
1042,2.5
1043,50.0
1044,28.7
1045,15.625
1046,9/4
1047,36
1048,12160
1049,375
1050,60
1051,11
1052,240
1053,20
1054,225
1055,1
1056,12
1057,113.04
1058,1/2
1059,512
1060,138.6
1061,6.0
1062,1.54
1063,3.5
1064,15
1065,20
1066,48
1067,4
1068,60
1069,45
1070,55
1071,17.5
1072,72
1073,284
1074,1/25
1075,4038
1076,15
1077,298
1078,0.6
1079,300
1080,240
1081,84和105
1082,35
1083,15
1084,1.3
1085,14.6
1086,4/15
1087,480
1088,4/9
1089,0.0144
1090,150
1091,45
1092,4500
1093,248
1094,5646
1095,9
1096,1440
1097,5/8
1098,40
1099,120
1100,2/7
1101,16
1102,658
1103,25
1104,285
1105,2/5
1106,106.8
1107,24
1108,25
1109,24
1110,15
1111,3
1112,2.0
1113,20%
1114,700
1115,68
1116,60
1117,30
1118,3.6
1119,4
1120,15
1121,30
1122,180
1123,8
1124,12
1125,10000
1126,14
1127,2.5
1128,10000
1129,2.5
1130,0.64
1131,29
1132,30
1133,235
1134,128
1135,15
1136,31.04
1137,15
1138,480
1139,242
1140,1800
1141,27
1142,6
1143,180
1144,8
1145,4
1146,400
1147,656
1148,120
1149,50.8
1150,2.15,,,,,,,,,,,,,,,,,,,,,,,,
1151,100
1152,1/2
1153,770
1154,6
1155,270
1156,5
1157,9
1158,1154
1159,5
1160,21
1161,8
1162,144
1163,36
1164,10175
1165,9
1166,61
1167,10
1168,300
1169,18
1170,16.5%
1171,900
1172,120
1173,40
1174,1.5
1175,97.4%
1176,20
1177,20
1178,9200
1179,210
1180,5
1181,30000
1182,24
1183,24
1184,230
1185,160
1186,9
1187,400
1188,6666
1189,610
1190,5000
1191,270
1192,2700
1193,54000
1194,80
1195,4.8%
1196,1.5
1197,65
1198,102
1199,125.6
1200,180
1201,250
1202,19
1203,20%
1204,51.0
1205,40
1206,15
1207,60
1208,6
1209,6
1210,15.7
1211,33
1212,896
1213,60%
1214,60
1215,4
1216,45和75
1217,42
1218,48
1219,1000
1220,77.78%
1221,50
1222,9/4
1223,188.8
1224,12
1225,100
1226,94.2
1227,4000
1228,25
1229,120
1230,20
1231,5
1232,54
1233,125
1234,54
1235,47.1
1236,1125
1237,85
1238,6
1239,10
1240,25.76%
1241,10
1242,360
1243,240
1244,381
1245,42250
1246,70
1247,89
1248,58
1249,180
1250,39
1251,45
1252,35
1253,14
1254,36
1255,8
1256,30
1257,38
1258,24
1259,16
1260,53
1261,22
1262,4
1263,39
1264,6
1265,45
1266,8
1267,13
1268,23
1269,18
1270,55
1271,53
1272,30
1273,26
1274,41
1275,12
1276,72
1277,7:30
1278,86
1279,30
1280,81
1281,51
1282,84
1283,24
1284,48
1285,76
1286,36
1287,35
1288,27
1289,48
1290,9
1291,18
1292,22
1293,10
1294,49
1295,12
1296,1
1297,30
1298,8
1299,6
1300,5
1301,20
1302,6
1303,5
1304,6
1305,6
1306,4
1307,5
1308,8
1309,9
1310,7
1311,12
1312,5
1313,32
1314,7
1315,8.75
1316,17
1317,6
1318,2
1319,5
1320,7
1321,12
1322,80
1323,31
1324,44
1325,48
1326,11
1327,9
1328,4
1329,6
1330,66
1331,6
1332,68
1333,18
1334,3.5
1335,35
1336,54
1337,10,,,,,,,,,,,,,,
1338,30
1339,5
1340,73
1341,24
1342,6
1343,6
1344,24
1345,84
1346,31
1347,33
1348,12
1349,17
1350,27
1351,16
1352,13
1353,28
1354,13
1355,2400
1356,110
1357,75.36
1358,160
1359,700
1360,192
1361,1200
1362,200000
1363,5/9
1364,40
1365,4/5
1366,26
1367,5
1368,28232
1369,48
1370,36
1371,27
1372,325
1373,60
1374,18.75
1375,12/35,,,,
1376,4000
1377,666
1378,300
1379,2.4
1380,27
1381,5024
1382,200
1383,156
1384,440
1385,10.425
1386,18
1387,2.4
1388,150
1389,5.1
1390,34
1391,30
1392,48000
1393,12
1394,40
1395,16
1396,6400
1397,96
1398,100
1399,840
1400,6
1401,180
1402,640
1403,60
1404,24
1405,7
1406,23
1407,40
1408,887
1409,125
1410,140
1411,500
1412,2400
1413,37
1414,240
1415,624
1416,25000
1417,2.25
1418,440
1419,30
1420,37/60
1421,23.4
1422,33.45
1423,5.4
1424,0.008
1425,15
1426,9
1427,4
1428,504
1429,10
1430,21.6
1431,24
1432,6
1433,123.2
1434,2.5
1435,43.9
1436,225
1437,98.856
1438,38.55
1439,60
1440,12
1441,10
1442,105
1443,81
1444,36
1445,20
1446,29250
1447,56
1448,0.75
1449,4
1450,44
1451,84
1452,180
1453,317
1454,48
1455,20
1456,169
1457,47
1458,22
1459,9
1460,3612
1461,560
1462,120
1463,110
1464,8
1465,280
1466,13
1467,384
1468,8
1469,1.1
1470,137
1471,37
1472,24
1473,48
1474,32
1475,9
1476,50
1477,9000
1478,450
1479,12
1480,0.6
1481,8448
1482,10
1483,5.4
1484,49/49
1485,4
1486,10
1487,33
1488,8
1489,56
1490,7
1491,16
1492,48
1493,6500
1494,32
1495,1
1496,5
1497,4
1498,11.66
1499,2370
1500,54
1501,4
1502,127
1503,40
1504,371
1505,28
1506,33.5
1507,64
1508,13.4
1509,1260
1510,945
1511,40
1512,30.5
1513,225
1514,80
1515,120
1516,96
1517,1.6
1518,1343
1519,18
1520,60
1521,36
1522,300
1523,4.5
1524,176
1525,6
1526,140
1527,3
1528,1920
1529,780
1530,1010
1531,28
1532,8
1533,147.5
1534,4000
1535,3/8
1536,2.5
1537,20
1538,1/21
1539,200
1540,128
1541,150.72
1542,27
1543,120
1544,12
1545,400
1546,130
1547,20
1548,1/64
1549,13
1550,39
1551,49
1552,1250
1553,2100
1554,5
1555,753.6
1556,22.626
1557,3
1558,4
1559,0.4
1560,1600
1561,18
1562,10
1563,82
1564,25
1565,400
1566,432
1567,12
1568,9200
1569,90.4
1570,3000
1571,6.4
1572,30.12
1573,5
1574,20
1575,18.84
1576,3015
1577,19.8
1578,220
1579,306
1580,125
1581,64
1582,125
1583,250
1584,126
1585,1600
1586,900
1587,60
1588,40
1589,24000
1590,73
1591,120
1592,92
1593,200
1594,75
1595,176
1596,5.2
1597,21.1%
1598,4,,,,,,,,,,,,,,,,,,,,,,,,,
1599,140
1600,30
1601,80
1602,90
1603,800
1604,24.8
1605,33.3%
1606,9104
1607,112
1608,8
1609,20.32
1610,803.44
1611,8000
1612,825
1613,1296
1614,37.68
1615,50
1616,563
1617,150
1618,75
1619,328
1620,45
1621,40
1622,150.72
1623,120
1624,200
1625,414.6
1626,40
1627,2500
1628,1.75
1629,12
1630,1600
1631,12
1632,15
1633,7/3
1634,8500
1635,2
1636,11
1637,108
1638,20
1639,2.4
1640,60
1641,1.28
1642,200.8
1643,720
1644,55.88
1645,20
1646,1.57
1647,12.5
1648,180
1649,21
1650,1770
1651,30
1652,10
1653,50
1654,94%
1655,1256
1656,120
1657,1500
1658,49
1659,4020
1660,82
1661,3
1662,6
1663,22
1664,3.2
1665,5
1666,38
1667,660
1668,625
1669,0.36
1670,11/20
1671,65490
1672,1200
1673,32
1674,60
1675,90
1676,600
1677,6
1678,84
1679,5000
1680,5.5
1681,10000
1682,142
1683,300
1684,3.8
1685,45
1686,145
1687,540
1688,5000.32
1689,150
1690,1920
1691,160
1692,30
1693,15
1694,376.8
1695,480
1696,10.4
1697,5
1698,30
1699,6
1700,33
1701,25
1702,6.86
1703,4.0
1704,44/3
1705,0.25
1706,2/3
1707,15
1708,300
1709,3.5
1710,512
1711,3400
1712,660
1713,40.4
1714,800
1715,91
1716,5
1717,80
1718,12
1719,680
1720,7/10
1721,31.872
1722,12
1723,192
1724,90.42
1725,22
1726,350
1727,62.8
1728,16
1729,6750
1730,2.4
1731,5
1732,110
1733,37.5
1734,25
1735,96
1736,65
1737,130
1738,320
1739,70
1740,27
1741,60
1742,50
1743,1380
1744,60
1745,44
1746,200
1747,600
1748,12
1749,360
1750,114
1751,350
1752,6
1753,1.74
1754,25
1755,45
1756,12_3/10
1757,12000
1758,31.4
1759,200
1760,17
1761,240
1762,32.13
1763,337
1764,40/7
1765,30
1766,501
1767,12.5
1768,36
1769,8
1770,4/5
1771,350
1772,260
1773,2692
1774,6.4
1775,320
1776,3200
1777,75
1778,22720
1779,910
1780,50
1781,9
1782,1190
1783,1800
1784,68
1785,2
1786,9
1787,6
1788,1004
1789,6
1790,600
1791,250
1792,24
1793,11460
1794,5
1795,22
1796,5
1797,120
1798,24
1799,500
1800,40
1801,3/5
1802,3360
1803,100
1804,200
1805,942
1806,7200
1807,24
1808,80
1809,8
1810,630
1811,16
1812,62.8
1813,15
1814,8
1815,75
1816,11
1817,20
1818,180
1819,48
1820,6960
1821,27
1822,230
1823,9
1824,47.75
1825,1120
1826,10
1827,5
1828,75
1829,214.68
1830,40
1831,3
1832,5
1833,5928
1834,288
1835,1438
1836,13520
1837,4
1838,12
1839,2
1840,105
1841,2.4
1842,20
1843,4
1844,112
1845,40.82
1846,12.5
1847,780
1848,9.6
1849,3000
1850,818
1851,170.2
1852,25
1853,1035
1854,3
1855,12
1856,1200
1857,2500
1858,60
1859,219
1860,40
1861,0.4
1862,96
1863,12
1864,7
1865,9
1866,225
1867,6
1868,13
1869,6720
1870,630
1871,400
1872,5400
1873,7856
1874,1.5
1875,19
1876,24
1877,6
1878,108
1879,46
1880,2.826
1881,6.97
1882,6
1883,3888
1884,1088
1885,4
1886,8
1887,16
1888,300
1889,5
1890,16
1891,52%
1892,54
1893,12.56
1894,150
1895,512
1896,4/30
1897,3
1898,60
1899,62
1900,9
1901,40
1902,3600
1903,2.1
1904,3
1905,72
1906,420
1907,840
1908,27
1909,16.5
1910,3.375
1911,1433
1912,12
1913,9
1914,0.145
1915,108
1916,180
1917,11
1918,16
1919,96
1920,12
1921,744
1922,11
1923,5286
1924,12
1925,24
1926,120
1927,72
1928,3
1929,31.4
1930,20
1931,19.5
1932,20
1933,600
1934,2530
1935,3.5
1936,1800
1937,3.1416
1938,11
1939,40
1940,400
1941,4.2
1942,125.6
1943,5000
1944,4.7
1945,24
1946,3205
1947,200
1948,24
1949,20
1950,20%
1951,7
1952,5.6
1953,4.8
1954,4
1955,4900
1956,15.6
1957,217
1958,34.54
1959,92
1960,16
1961,0.08
1962,3740
1963,2.5
1964,38080
1965,4kg
1966,786
1967,320
1968,49.3825
1969,10
1970,890
1971,3.5714285714
1972,36
1973,0.08
1974,6
1975,43
1976,3
1977,60
1978,90
1979,15
1980,150
1981,11
1982,11.88
1983,23.9
1984,8
1985,36
1986,300
1987,3/4
1988,40
1989,2328
1990,201
1991,8
1992,600
1993,430.75
1994,22
1995,4605
1996,90
1997,12
1998,140/72=7/3=2.333...
1999,16
2000,12
2001,280
2002,6
2003,81
2004,800
2005,45
2006,295
2007,885
2008,900
2009,621
2010,20
2011,48
2012,1300
2013,0.05
2014,20
2015,240
2016,14
2017,3.4
2018,15
2019,200
2020,120
2021,100
2022,400
2023,400
2024,15
2025,13.5,,,,,,,,
2026,110
2027,20
2028,6
2029,5%
2030,25%
2031,4
2032,7
2033,52
2034,2880
2035,2300
2036,648
2037,360
2038,384
2039,2.2
2040,1.4
2041,12.56
2042,942.497
2043,6
2044,0.25
2045,5
2046,240
2047,30
2048,10
2049,20
2050,10
2051,1129
2052,21
2053,76.8
2054,20
2055,301.44
2056,15
2057,160
2058,1.8
2059,190000
2060,75
2061,42
2062,不够
2063,35.4
2064,18
2065,260
2066,10000
2067,160
2068,31.18534394572856
2069,315
2070,70
2071,270
2072,3000
2073,96
2074,39
2075,63
2076,6400
2077,49
2078,512
2079,2000
2080,2.37
2081,22
2082,35
2083,13.31875
2084,375
2085,80
2086,226.08
2087,54
2088,360
2089,1740
2090,120
2091,108
2092,30000
2093,900
2094,672
2095,7920
2096,62.8
2097,24
2098,6_2/5
2099,23
2100,660
2101,1600
2102,3.5
2103,157
2104,96
2105,40
2106,138.16
2107,35.8
2108,1560
2109,2600
2110,160
2111,4
2112,84
2113,19.968
2114,48
2115,392
2116,4.5
2117,200
2118,62.8
2119,84
2120,15
2121,1088
2122,471.09584
2123,28.26
2124,3.05
2125,1
2126,830
2127,99
2128,324
2129,90
2130,4.8
2131,300
2132,80
2133,3630
2134,5
2135,1318.84
2136,22
2137,7
2138,14
2139,12
2140,3.5
2141,4
2142,12
2143,12
2144,1
2145,9
2146,1296
2147,120
2148,2_1/4,,,,,,,,,,,,,,,,,,,,,,,,,,,
2149,200
2150,565.2
2151,49.12
2152,5
2153,62.8
2154,699
2155,11:40
2156,9
2157,120
2158,15
2159,45.8292
2160,200
2161,480
2162,600
2163,18
2164,22
2165,35.5
2166,20
2167,230
2168,18
2169,1.62
2170,2
2171,5
2172,32.5%
2173,10199
2174,6
2175,12.5%
2176,65%
2177,5
2178,300
2179,40
2180,7850
2181,5000
2182,715
2183,4
2184,876
2185,70
2186,25
2187,441
2188,960
2189,3000
2190,100
2191,5
2192,22.5
2193,56
2194,2
2195,3400
2196,24
2197,0.19
2198,40
2199,12
2200,180
2201,40
2202,2280
2203,11400
2204,3.75
2205,5
2206,16.25
2207,36
2208,18
2209,210
2210,496
2211,31.4
2212,575
2213,24
2214,1.41
2215,60/7
2216,9
2217,636
2218,9
2219,20
2220,11010
2221,660
2222,495
2223,19
2224,3.14
2225,60
2226,6
2227,80
2228,125.6
2229,950
2230,75.36
2231,5
2232,24
2233,3.6
2234,1.05
2235,2.22
2236,18
2237,67
2238,42
2239,2000
2240,1500
2241,185
2242,4
2243,5463
2244,45
2245,1.9
2246,7
2247,36
2248,4.5
2249,600
2250,1884
2251,105
2252,68
2253,20
2254,1440
2255,9
2256,60
2257,5750
2258,32
2259,11
2260,384
2261,16%
2262,22%
2263,10.5
2264,10
2265,90
2266,220
2267,22.5
2268,11
2269,8
2270,0.58
2271,200
2272,47.6
2273,87
2274,11
2275,183
2276,1206
2277,320
2278,10
2279,6.4
2280,180
2281,630
2282,1225
2283,1190
2284,3760
2285,54
2286,100
2287,10
2288,10
2289,210
2290,90
2291,60
2292,45
2293,40
2294,84
2295,6.53242
2296,72
2297,6
2298,5
2299,62.8
2300,60
2301,1.5
2302,120
2303,30
2304,19.84
2305,4
2306,12
2307,100
2308,14
2309,8
2310,8
2311,6
2312,2880
2313,1100
2314,5100
2315,7
2316,762
2317,1440
2318,6
2319,48
2320,75
2321,120
2322,134
2323,28.8
2324,75
2325,1000
2326,409
2327,80
2328,900
2329,13
2330,75
2331,11
2332,5/12
2333,4200
2334,0.1188
2335,200
2336,12
2337,5
2338,602
2339,2cm
2340,2.5
2341,1520
2342,12.8
2343,23
2344,5/21
2345,126
2346,52
2347,144
2348,48
2349,327
2350,1440
2351,42
2352,360
2353,12
2354,150
2355,600
2356,6200
2357,12
2358,210
2359,1238
2360,60%
2361,13
2362,448
2363,8.8
2364,476
2365,390
2366,20
2367,15.7
2368,0.8
2369,4
2370,60
2371,7
2372,1.836
2373,135
2374,24
2375,40
2376,12
2377,13
2378,8
2379,2.2
2380,270
2381,24
2382,3.6
2383,1200
2384,880
2385,222
2386,111
2387,930
2388,15
2389,0.75
2390,300
2391,200
2392,210
2393,15
2394,5
2395,6
2396,154
2397,5
2398,361
2399,60%
2400,21.7
2401,48
2402,0.02
2403,8
2404,35
2405,32
2406,62
2407,6
2408,11
2409,18.84
2410,4
2411,65.92
2412,5
2413,4
2414,10h
2415,240
2416,12.56
2417,336
2418,68
2419,20
2420,30
2421,400
2422,9
2423,1/2
2424,3.57
2425,1800
2426,192
2427,8
2428,250
2429,8.4
2430,10
2431,14
2432,4.5
2433,2_2/9
2434,120
2435,13
2436,21.5
2437,44.8
2438,18
2439,10
2440,6
2441,59
2442,36
2443,28
2444,440/9
2445,6
2446,150
2447,405
2448,14
2449,5810
2450,1650
2451,30
2452,48
2453,1875.5
2454,100
2455,23
2456,25%
2457,160
2458,30
2459,1287.92
2460,39
2461,5
2462,5
2463,35
2464,50.24
2465,135
2466,62.8
2467,2.5
2468,13
2469,160
2470,16
2471,34
2472,5
2473,1200
2474,12
2475,800
2476,25
2477,22
2478,25
2479,60
2480,15
2481,1300
2482,22.8
2483,4
2484,12.56
2485,600
2486,15
2487,508
2488,20
2489,8
2490,12
2491,12
2492,12
2493,10
2494,80
2495,104
2496,25
2497,10200
2498,1/8
2499,42
2500,128
2501,143
2502,2500
2503,31
2504,75%,,
2505,4
2506,40/9
2507,28
2508,48
2509,75
2510,15000
2511,21.98
2512,7700
2513,18.84
2514,2.25
2515,60
2516,1.5
2517,8.0384
2518,901.25
2519,2.5
2520,180
2521,5840
2522,31.825
2523,4
2524,12
2525,448
2526,48
2527,242
2528,40
2529,66
2530,12
2531,8
2532,10
2533,86
2534,15
2535,18.84
2536,400
2537,1296
2538,0.4
2539,75
2540,12
2541,8
2542,9
2543,2
2544,750
2545,45
2546,1000
2547,100
2548,725
2549,22
2550,4
2551,5
2552,120
2553,12.5%
2554,3
2555,5
2556,392
2557,502.56
2558,5.5
2559,480
2560,32%
2561,30
2562,9.2
2563,24
2564,8
2565,432
2566,70
2567,12.56
2568,2
2569,600
2570,420
2571,2940
2572,9
2573,5.5
2574,20
2575,60
2576,4
2577,100
2578,21.98
2579,1728
2580,520
2581,3
2582,12
2583,104
2584,1.5
2585,64000
2586,46
2587,25
2588,28
2589,15
2590,1.975
2591,15
2592,300
2593,110
2594,120
2595,300
2596,220
2597,3.9
2598,36
2599,64
2600,125
2601,336
2602,2700
2603,48.56
2604,16
2605,52
2606,18
2607,2.5
2608,3.2
2609,10
2610,288
2611,12.56
2612,1364
2613,225
2614,5
2615,11
2616,80.8
2617,1500
2618,330
2619,10
2620,93.75%
2621,0.4
2622,7/11
2623,17
2624,4
2625,34.54
2626,80.4
2627,120
2628,20%
2629,180
2630,360
2631,60
2632,4
2633,77
2634,11.8
2635,150
2636,9
2637,3.2
2638,20
2639,5
2640,9
2641,5
2642,4
2643,24
2644,23
2645,128
2646,58
2647,32
2648,1000
2649,360
2650,4
2651,8
2652,4
2653,300
2654,300
2655,4.8
2656,75
2657,2.5
2658,6
2659,53.3
2660,37.68
2661,20
2662,25
2663,20
2664,150
2665,1800
2666,34
2667,98.03448%
2668,120
2669,128
2670,41/19
2671,60
2672,3500
2673,21
2674,40
2675,35
2676,12
2677,2
2678,800
2679,87.2
2680,75
2681,10
2682,2800000
2683,30000000
2684,1000000
2685,2800
2686,25%
2687,100
2688,108
2689,4
2690,220
2691,6000
2692,6.5
2693,164
2694,4.5
2695,7
2696,90.334
2697,530
2698,3
2699,24
2700,11
2701,12
2702,1200
2703,100
2704,72
2705,160
2706,5
2707,8
2708,6
2709,3.2
2710,60
2711,13
2712,43.4
2713,720
2714,2
2715,370
2716,12.56
2717,250
2718,18
2719,2.5
2720,13200
2721,1512
2722,19200
2723,2203
2724,20400
2725,18/5
2726,15/2
2727,30
2728,2220
2729,10
2730,139
2731,810
2732,4.8
2733,200
2734,6
2735,30
2736,15
2737,1
2738,7
2739,8
2740,3.5
2741,10
2742,37
2743,420
2744,40
2745,60
2746,11
2747,24
2748,600
2749,1536
2750,26
2751,17
2752,1000
2753,2
2754,6
2755,200
2756,1.26
2757,200
2758,48.6
2759,16.0
2760,2
2761,231
2762,120
2763,432
2764,120
2765,20.8
2766,5
2767,12
2768,419
2769,3.5
2770,10
2771,94.2
2772,6
2773,10
2774,125
2775,24
2776,6
2777,82
2778,60
2779,250
2780,10_1/3
2781,35
2782,10
2783,75/5=15
2784,375
2785,7
2786,1180
2787,84
2788,256
2789,4.5
2790,7
2791,65/18
2792,36
2793,14.88
2794,10
2795,100
2796,59.4
2797,8.5
2798,2.5
2799,7
2800,4
2801,380
2802,7
2803,10
2804,1008
2805,246
2806,650
2807,16
2808,10
2809,16
2810,150.72
2811,1344
2812,120
2813,3
2814,150.72
2815,0.5
2816,12,,
2817,3600
2818,49
2819,120
2820,3.14
2821,150
2822,560
2823,6
2824,3
2825,71
2826,1360
2827,3.5
2828,200
2829,32
2830,112.5
2831,17
2832,10.5
2833,48
2834,498
2835,6
2836,19
2837,920
2838,400
2839,25%
2840,80
2841,35
2842,30
2843,12
2844,160
2845,376.8
2846,15
2847,60
2848,942
2849,846
2850,11
2851,16
2852,4.2
2853,40
2854,21
2855,10%
2856,4
2857,28
2858,3
2859,10.5
2860,5500
2861,312
2862,7
2863,29.25
2864,12
2865,16
2866,10
2867,500
2868,47.1
2869,1000
2870,350
2871,30000
2872,1188
2873,4
2874,64
2875,750
2876,5
2877,25%
2878,910
2879,32
2880,5
2881,7200
2882,92%
2883,30
2884,10
2885,7.5
2886,35
2887,1256
2888,1440
2889,251.2；3941.22
2890,1550
2891,300
2892,3
2893,5
2894,280
2895,20%
2896,40
2897,557
2898,2330
2899,1375
2900,3
2901,527
2902,159
2903,9
2904,15
2905,134
2906,23.5
2907,1200
2908,50.24
2909,360
2910,5
2911,11
2912,505
2913,66
2914,4
2915,40
2916,15
2917,301.44
2918,25
2919,379
2920,200
2921,24
2922,16
2923,6600
2924,2.5
2925,20
2926,11700
2927,12
2928,369
2929,8
2930,1320
2931,16,,
2932,67
2933,20.5
2934,7
2935,157
2936,25
2937,78.5
2938,7
2939,18
2940,3600
2941,326
2942,1130.78
2943,60
2944,12
2945,157.28
2946,20
2947,478.2
2948,60
2949,421
2950,33
2951,3.35
2952,120
2953,45
2954,500
2955,19500
2956,12
2957,8
2958,48
2959,9
2960,8
2961,27
2962,42
2963,110
2964,1
2965,25
2966,25
2967,135
2968,60
2969,420
2970,18
2971,2.28
2972,330
2973,20
2974,0.6
2975,12
2976,16
2977,125.6
2978,176
2979,10
2980,35
2981,108.3%
2982,4
2983,2300
2984,40000
2985,365
2986,1.5
2987,5,,
2988,120
2989,10
2990,5.6
2991,1.6
2992,75.6
2993,13.44
2994,1400
2995,80
2996,400
2997,105
2998,18
2999,10
3000,400
3001,160
3002,88
3003,22.6
3004,0.34
3005,75
3006,30
3007,41
3008,126
3009,48.84
3010,49.18
3011,0.98
3012,30.144
3013,1269
3014,3768.5
3015,500
3016,10
3017,250
3018,80
3019,108
3020,40
3021,10
3022,40
3023,150
3024,15
3025,64
3026,660
3027,1250
3028,24000
3029,14400
3030,6
3031,4862
3032,12
3033,18/5
3034,8
3035,240
3036,380
3037,5
3038,15%
3039,2
3040,157.36
3041,25%
3042,10
3043,6.5
3044,75
3045,10
3046,185
3047,1680
3048,8
3049,72
3050,3.4
3051,50
3052,40
3053,5
3054,35
3055,30
3056,400
3057,12
3058,165.6
3059,576
3060,1250
3061,1248
3062,25.12
3063,37.68
3064,20
3065,52
3066,1500
3067,52
3068,140
3069,150
3070,120
3071,714
3072,33.3%
3073,80
3074,4.3
3075,2400
3076,20
3077,552.6875
3078,56
3079,45
3080,55
3081,112
3082,8000
3083,0.34
3084,12
3085,48
3086,1700
3087,20
3088,15
3089,70
3090,98.3%
3091,245
3092,21
3093,63
3094,92.6
3095,80.72
3096,65
3097,12
3098,157.007625
3099,30
3100,2.34
3101,1/11
3102,100
3103,22
3104,729
3105,60
3106,180
3107,750
3108,50
3109,2.5
3110,2
3111,360
3112,192
3113,160
3114,430
3115,0.5
3116,1200
3117,152
3118,61
3119,45
3120,47.825
3121,244
3122,900
3123,45
3124,90
3125,560
3126,900
3127,35
3128,5
3129,400
3130,287.5
3131,44
3132,10
3133,9.9
3134,5000
3135,120
3136,135.16
3137,540
3138,640
3139,165
3140,96.25%；2.9%
3141,6000
3142,20
3143,15
3144,8
3145,64.8
3146,5
3147,1500
3148,1.5
3149,360
3150,21
3151,11
3152,5
3153,35
3154,12.4
3155,240
3156,240
3157,0.6
3158,60
3159,12
3160,3840
3161,90
3162,18960
3163,20%
3164,1.44
3165,64
3166,15
3167,26
3168,100
3169,7
3170,19
3171,40
3172,32
3173,12
3174,77
3175,40
3176,1590
3177,81
3178,624
3179,49
3180,945
3181,36.3
3182,6.6
3183,0.9
3184,720
3185,180
3186,5.5
3187,491
3188,5859
3189,50
3190,84
3191,160
3192,348
3193,60
3194,720
3195,30
3196,52
3197,6400
3198,1800
3199,390
3200,70
3201,96
3202,3600
3203,75
3204,1009
3205,7
3206,350
3207,60%
3208,39
3209,70
3210,120
3211,2.34
3212,72
3213,8
3214,9
3215,75
3216,600
3217,800
3218,24
3219,130
3220,11
3221,10
3222,15
3223,280
3224,360
3225,175
3226,160
3227,3
3228,150
3229,8
3230,2520
3231,384
3232,360
3233,420
3234,33
3235,2640
3236,906
3237,3250
3238,175
3239,59
3240,238
3241,9000
3242,1188
3243,1160
3244,1600
3245,50
3246,1720
3247,372
3248,700
3249,1200
3250,280
3251,78
3252,300
3253,1200
3254,30
3255,6
3256,25
3257,3
3258,8
3259,4
3260,1836
3261,8
3262,75
3263,22
3264,3
3265,6
3266,9
3267,470
3268,40
3269,186
3270,225
3271,24
3272,25
3273,8
3274,75
3275,336
3276,180
3277,35
3278,3050
3279,625
3280,784
3281,5000
3282,6
3283,110
3284,1208
3285,6
3286,10
3287,9
3288,400
3289,5400
3290,250
3291,171
3292,120
3293,19
3294,45
3295,35
3296,86
3297,200
3298,1000
3299,105
3300,13
3301,28
3302,239
3303,108
3304,99
3305,11
3306,447
3307,477
3308,103
3309,39
3310,112
3311,660
3312,84
3313,9
3314,31
3315,7
3316,63
3317,315
3318,462
3319,2
3320,220
3321,54
3322,605
3323,21
3324,9600
3325,30
3326,200
3327,78750
3328,1425
3329,32
3330,80
3331,90
3332,250
3333,2160
3334,420
3335,90
3336,181
3337,31
3338,336
3339,576
3340,200
3341,700
3342,95
3343,4,,
3344,353
3345,10
3346,100
3347,15
3348,1800
3349,180
3350,32
3351,13
3352,13
3353,48
3354,39
3355,2600
3356,784
3357,130
3358,60
3359,86
3360,550
3361,520
3362,204
3363,504
3364,45
3365,34
3366,39
3367,300
3368,129
3369,10
3370,13500
3371,14355
3372,700
3373,340
3374,528
3375,240
3376,10
3377,910
3378,300
3379,256
3380,27
3381,1043
3382,105
3383,267
3384,1180
3385,84
3386,25
3387,15
3388,24
3389,25
3390,98
3391,432
3392,960
3393,60
3394,40
3395,130
3396,24
3397,55
3398,40
3399,100
3400,845
3401,90
3402,3
3403,52
3404,15
3405,41
3406,182
3407,20
3408,60
3409,20
3410,1000
3411,6
3412,216
3413,4190
3414,229
3415,249
3416,5
3417,5
3418,16
3419,2520
3420,40
3421,132
3422,552
3423,4800
3424,1500
3425,5
3426,6240
3427,432
3428,25
3429,25
3430,7
3431,38
3432,3079
3433,8
3434,80
3435,33.14
3436,6
3437,16
3438,115
3439,81
3440,0.78
3441,480
3442,60
3443,93
3444,24500
3445,429
3446,650
3447,61/18
3448,30
3449,96
3450,1400
3451,220
3452,5200
3453,5
3454,64
3455,118
3456,12
3457,27.14
3458,10
3459,6
3460,42
3461,3.6
3462,15
3463,336
3464,11
3465,3
3466,230
3467,180
3468,104.15
3469,260
3470,2.4
3471,15
3472,9.15
3473,1000
3474,64
3475,1200
3476,21.5
3477,25
3478,8
3479,600
3480,506
3481,2.5
3482,20
3483,27
3484,800
3485,64
3486,12
3487,66
3488,336
3489,180
3490,20
3491,176
3492,25
3493,92.4
3494,100
3495,15
3496,72/11
3497,9
3498,0.2
3499,12
3500,6
3501,16
3502,54
3503,800
3504,4
3505,3120
3506,23
3507,60
3508,255
3509,3200
3510,300
3511,420
3512,12
3513,7500
3514,21.75
3515,5760
3516,368
3517,6
3518,6
3519,3500
3520,192
3521,8
3522,24
3523,6
3524,96
3525,675
3526,30
3527,3000
3528,5
3529,4
3530,3.14
3531,15
3532,2.53
3533,286
3534,2/5
3535,5
3536,9
3537,6
3538,192
3539,276
3540,50
3541,2400
3542,12180
3543,2670
3544,6
3545,5
3546,10
3547,1496
3548,588
3549,2000
3550,8
3551,150
3552,15
3553,4850
3554,205
3555,720
3556,258
3557,8
3558,250000
3559,700
3560,344
3561,1400
3562,840
3563,9
3564,38
3565,174
3566,88
3567,1125
3568,1488
3569,2
3570,11
3571,5
3572,2
3573,35
3574,30
3575,220
3576,27
3577,20
3578,18
3579,25
3580,4800
3581,76
3582,74
3583,30
3584,405
3585,40
3586,50
3587,462
3588,6480
3589,28
3590,5000
3591,44
3592,32
3593,9
3594,1.88
3595,1840
3596,233
3597,8
3598,23
3599,11
3600,141
3601,8960
3602,74
3603,478
3604,1500
3605,640
3606,40
3607,15
3608,21
3609,6
3610,9
3611,35
3612,63.54
3613,84
3614,945
3615,8
3616,600
3617,112
3618,2.56
3619,170
3620,90
3621,5
3622,450
3623,20
3624,55
3625,3920
3626,84
3627,1568
3628,1080
3629,2625
3630,1200
3631,920
3632,144
3633,13000
3634,3850
3635,1450
3636,140
3637,489
3638,14
3639,288
3640,271
3641,6
3642,108
3643,3120
3644,21.15
3645,24
3646,24
3647,2450
3648,3
3649,300
3650,20
3651,6
3652,48
3653,250
3654,156
3655,9
3656,171
3657,103.5
3658,75
3659,1178
3660,24
3661,14750
3662,1.5
3663,108
3664,9
3665,115
3666,98
3667,170
3668,705
3669,588
3670,2766
3671,1080
3672,13
3673,100
3674,3.5
3675,800
3676,5030
3677,120
3678,1.5
3679,5880
3680,60
3681,1200
3682,24
3683,6
3684,18
3685,302
3686,1536
3687,400
3688,1000
3689,384
3690,1500
3691,4
3692,8
3693,38
3694,1118
3695,504
3696,30
3697,28
3698,1050
3699,153
3700,16320000
3701,420
3702,880
3703,5
3704,1350
3705,5
3706,4500
3707,168
3708,15
3709,44
3710,6
3711,84
3712,18150
3713,12
3714,240
3715,540
3716,10000
3717,491
3718,12
3719,684
3720,13
3721,294
3722,265
3723,72
3724,15375
3725,7
3726,40
3727,250
3728,12
3729,25
3730,1030
3731,84
3732,320
3733,144
3734,534
3735,400
3736,107
3737,3800
3738,608
3739,14000
3740,429
3741,600
3742,784
3743,4470
3744,100
3745,450
3746,212
3747,8
3748,300
3749,10
3750,2300
3751,120
3752,100
3753,288
3754,1008
3755,720
3756,21
3757,58
3758,3360
3759,5000
3760,3240
3761,114
3762,72
3763,3
3764,0.36
3765,11
3766,10
3767,2210
3768,300
3769,4
3770,49
3771,2160
3772,108
3773,7
3774,630
3775,11
3776,18000
3777,25
3778,76425
3779,1.5
3780,552
3781,14.4
3782,11
3783,175
3784,60
3785,500
3786,22750
3787,64
3788,138*3=414
3789,563
3790,0.65
3791,3430
3792,99
3793,65
3794,200
3795,93.6
3796,15
3797,36
3798,90
3799,1078
3800,1100
3801,48.8
3802,10070
3803,3.8
3804,15
3805,84
3806,1665
3807,4400
3808,54
3809,10
3810,270
3811,144
3812,60
3813,45
3814,900
3815,36
3816,255
3817,15
3818,45
3819,36
3820,10150
3821,40
3822,36
3823,15
3824,120
3825,5
3826,36
3827,20
3828,2400
3829,1770
3830,200
3831,43.2
3832,11200
3833,14
3834,6300
3835,180
3836,768
3837,14
3838,45
3839,330
3840,81
3841,1232
3842,192
3843,2100
3844,0.5
3845,6
3846,7
3847,576
3848,20
3849,6150
3850,95
3851,1696
3852,2.5
3853,54
3854,2520
3855,350
3856,384
3857,216
3858,455
3859,75
3860,960
3861,96
3862,140
3863,1440
3864,468
3865,3900
3866,1680
3867,375
3868,368
3869,5000
3870,4
3871,40
3872,18
3873,14400
3874,50
3875,5760
3876,44
3877,120
3878,560
3879,500
3880,16
3881,2
3882,36
3883,5
3884,29
3885,5
3886,2160
3887,0.04
3888,800
3889,1200
3890,144
3891,160
3892,1.46
3893,108
3894,4
3895,24
3896,270
3897,3
3898,12
3899,40
3900,6
3901,88
3902,38
3903,1840
3904,2
3905,5
3906,144
3907,168
3908,10
3909,0.36
3910,410
3911,6
3912,91
3913,140
3914,18684
3915,6000
3916,690
3917,40/4=10
3918,3360
3919,312
3920,80
3921,880
3922,2100
3923,15
3924,675
3925,20/3
3926,8
3927,780
3928,225
3929,250
3930,289
3931,4.08
3932,300
3933,104
3934,79
3935,35
3936,1680
3937,45
3938,639
3939,10320
3940,396
3941,1247
3942,5
3943,816
3944,24.8
3945,4
3946,222
3947,4
3948,40
3949,6
3950,345
3951,420
3952,8
3953,324
3954,462
3955,1600
3956,714
3957,12
3958,26
3959,24
3960,50
3961,81
3962,48
3963,375
3964,418
3965,130
3966,48
3967,4
3968,248
3969,15
3970,40
3971,80
3972,245
3973,374
3974,120
3975,40
3976,10
3977,11
3978,35
3979,12
3980,20
3981,260
3982,10
3983,360
3984,20
3985,1470
3986,51
3987,4_2/5
3988,360
3989,45
3990,2340
3991,12
3992,3060
3993,72
3994,1200
3995,13
3996,36
3997,46
3998,60
3999,35
4000,51
4001,21
4002,1465
4003,1740
4004,2732
4005,40
4006,114
4007,17
4008,120
4009,94
4010,320
4011,2.5
4012,208
4013,10
4014,135
4015,60
4016,20
4017,100
4018,11.6
4019,16.8
4020,17
4021,2.4
4022,8
4023,272
4024,80
4025,1200
4026,2994
4027,8
4028,400
4029,4.5
4030,40
4031,18
4032,75
4033,960
4034,47
4035,14
4036,4
4037,108
4038,4520
4039,139.6
4040,38.5
4041,525
4042,50
4043,800
4044,12
4045,560
4046,2400
4047,360000
4048,88
4049,336
4050,168
4051,4
4052,200
4053,12
4054,60
4055,63
4056,20
4057,250
4058,234
4059,26
4060,200
4061,2400
4062,2880
4063,645
4064,4
4065,80
4066,162
4067,520
4068,18
4069,1008
4070,13.44
4071,2500
4072,79
4073,44
4074,1400
4075,182
4076,102
4077,6
4078,10.5
4079,250
4080,6
4081,88
4082,900
4083,1736
4084,14
4085,560
4086,122
4087,1442
4088,12000
4089,10
4090,48
4091,930
4092,68.5
4093,5
4094,9600
4095,2284
4096,2.5
4097,3.5
4098,180
4099,2040
4100,65
4101,65
4102,800
4103,12.5
4104,27
4105,1280
4106,40
4107,192
4108,56
4109,10.8
4110,5
4111,6/5
4112,4
4113,37
4114,4140
4115,80
4116,8
4117,12
4118,12
4119,690
4120,24
4121,5
4122,40
4123,9
4124,13
4125,40
4126,180000
4127,1025
4128,98
4129,75
4130,850
4131,680
4132,1275
4133,26.2
4134,200
4135,13.5
4136,456
4137,68/9
4138,15
4139,1.6
4140,46
4141,81
4142,960
4143,90
4144,1112
4145,50
4146,65
4147,25
4148,12
4149,1163
4150,226
4151,20
4152,5
4153,504
4154,1147
4155,6.5
4156,350/6=58.333...
4157,418
4158,28
4159,47
4160,11875
4161,160
4162,3.5385
4163,2280
4164,96.625
4165,240
4166,8
4167,360
4168,16
4169,17
4170,1000
4171,18.375
4172,307.2
4173,540
4174,388.8
4175,211
4176,36
4177,285.6
4178,340.56
4179,14
4180,80.5
4181,600
4182,11.6
4183,167
4184,288
4185,18.5
4186,15
4187,36
4188,4
4189,4
4190,160
4191,512.874
4192,12.5
4193,5
4194,60%
4195,18.84
4196,40
4197,128
4198,47.2
4199,27
4200,480
4201,48
4202,130%
4203,48
4204,3.14
4205,18750
4206,9
4207,830
4208,131
4209,550
4210,25
4211,12
4212,540
4213,30
4214,130
4215,30
4216,8
4217,150
4218,60
4219,1050
4220,10
4221,200
4222,42
4223,384
4224,12
4225,219.88
4226,60
4227,400
4228,5
4229,188.4
4230,36
4231,24
4232,2.54
4233,12.5%
4234,25.12
4235,42
4236,28
4237,32400
4238,5
4239,124
4240,75
4241,25
4242,60
4243,225
4244,64
4245,640
4246,700
4247,48
4248,440
4249,2.5
4250,7
4251,13
4252,900
4253,4.5
4254,2.4
4255,2.5
4256,32.4
4257,8
4258,180
4259,40
4260,18
4261,548
4262,48
4263,768
4264,248
4265,8
4266,0.9
4267,50
4268,48
4269,15.7
4270,40
4271,22
4272,28
4273,63
4274,72
4275,540
4276,1920
4277,140
4278,26
4279,5552
4280,306
4281,113.04
4282,30
4283,58
4284,27
4285,900
4286,13
4287,2700
4288,84
4289,518400
4290,320
4291,12
4292,10
4293,4151
4294,75
4295,144
4296,64
4297,342
4298,188
4299,120
4300,11
4301,24
4302,1440
4303,17.5
4304,260
4305,100
4306,25
4307,16
4308,6
4309,200
4310,75
4311,4500
4312,30
4313,336
4314,20%
4315,10%
4316,2940
4317,210
4318,451
4319,20
4320,197
4321,8/7
4322,255
4323,14
4324,4.5
4325,78.4
4326,51.26
4327,1
4328,60
4329,1.02
4330,32
4331,8374
4332,15
4333,288
4334,369
4335,50
4336,360
4337,64
4338,32
4339,4
4340,8.2%
4341,370
4342,2400
4343,1200
4344,112
4345,18.9
4346,40%
4347,20.6
4348,200%
4349,6.5
4350,5
4351,50
4352,6
4353,16
4354,3.5
4355,4.2
4356,3.5
4357,78.4
4358,1.3
4359,11
4360,1250
4361,2.5
4362,1
4363,12
4364,300
4365,12
4366,120
4367,52/45
4368,1350
4369,120
4370,36
4371,12.53
4372,48
4373,15
4374,11
4375,11/20
4376,50
4377,103
4378,500
4379,18
4380,157.5
4381,102
4382,30.55
4383,45.00
4384,186
4385,11
4386,5
4387,2.5
4388,300
4389,20
4390,2000
4391,224
4392,5.25
4393,2.8
4394,17
4395,6400
4396,6400
4397,3000
4398,6
4399,4
4400,15
4401,800
4402,48
4403,25
4404,150
4405,27
4406,21
4407,16.8
4408,9
4409,5
4410,12
4411,2.57
4412,56
4413,1422
4414,306
4415,4.5
4416,60
4417,80
4418,10000
4419,270
4420,11
4421,75
4422,12.6
4423,50
4424,7500
4425,300
4426,12600
4427,126
4428,150.72
4429,50.24
4430,113.04
4431,20
4432,2/12
4433,48
4434,2.4
4435,1200
4436,19.625
4437,10
4438,12.56
4439,3.14
4440,10
4441,1400
4442,4%
4443,2826
4444,250
4445,30
4446,12.5
4447,180
4448,12.56
4449,157
4450,75.36
4451,2.4
4452,87.92
4453,6
4454,9000
4455,18
4456,94500
4457,26
4458,3
4459,35
4460,180
4461,157.24
4462,150
4463,22.52
4464,62.8
4465,28.26
4466,15.7
4467,2826.25
4468,90
4469,840
4470,2400
4471,675
4472,94.2
4473,0.025
4474,35400
4475,12.56
4476,4
4477,11
4478,1200
4479,120
4480,300
4481,453
4482,75.36
4483,300
4484,184
4485,150
4486,468
4487,15.825
4488,4
4489,50.24
4490,78.5
4491,3
4492,62.8
4493,11.3
4494,2000
4495,13
4496,12.56
4497,15
4498,1507.5
4499,40
4500,110
4501,150
4502,6
4503,360
4504,12.56
4505,30%
4506,35.92
4507,12.56
4508,15.7
4509,9946
4510,25
4511,140
4512,12
4513,7
4514,6
4515,24
4516,12.56
4517,282.6
4518,75.36
4519,34
4520,1/3
4521,45
4522,5100
4523,12.56
4524,32.000...
4525,3.388
4526,19.584
4527,256
4528,256
4529,600
4530,600
4531,200
4532,5000
4533,7
4534,40
4535,6000
4536,135
4537,900
4538,5.1
4539,1198.75
4540,2200
4541,84
4542,904.32
4543,28.26
4544,56.52
4545,31.8
4546,480
4547,40
4548,64
4549,4160
4550,50.24
4551,25%
4552,12.56
4553,480
4554,3.25
4555,18
4556,157.536
4557,360.54
4558,215
4559,75
4560,0.826
4561,50.24
4562,10.8
4563,120
4564,5.5
4565,3200
4566,250
4567,34.54
4568,314
4569,98.8%
4570,2
4571,87π
4572,1
4573,50.24
4574,40
4575,4
4576,6
4577,2014.4
4578,64
4579,5.76
4580,40/7
4581,18.84
4582,60
4583,75.36
4584,10
4585,7.536
4586,12.56
4587,2/5
4588,1300
4589,1400
4590,24
4591,4
4592,48
4593,1884
4594,5
4595,4
4596,60/7
4597,6
4598,14
4599,57.72
4600,2198
4601,125.6
4602,90
4603,120
4604,1.024
4605,3.14
4606,113.04
4607,65.36
4608,1/4
4609,15837
4610,100
4611,40160
4612,19.625
4613,62.8
4614,6.5
4615,12π
4616,0.3
4617,1118.7
4618,240
4619,143.84
4620,12.56
4621,94.75%
4622,11
4623,600
4624,1.2
4625,600
4626,8
4627,19.625
4628,120
4629,20
4630,32.6
4631,1125
4632,72.16
4633,38
4634,23
4635,15
4636,50
4637,43.96
4638,100
4639,28
4640,47
4641,1.57
4642,12.56
4643,70.65
4644,5400
4645,2294-2200=94
4646,9.2
4647,48
4648,3
4649,38
4650,43.96
4651,9
4652,1000
4653,46.55
4654,1000
4655,0.3
4656,1890
4657,324
4658,20
4659,9.6
4660,39.852
4661,1530
4662,17280
4663,30
4664,4
4665,127.382
4666,57
4667,21.98
4668,16
4669,7850
4670,32
4671,251.2
4672,63.6
4673,300
4674,56
4675,3.5
4676,125.6
4677,16%
4678,32.15
4679,785.36
4680,42
4681,31/56
4682,29.4%
4683,14
4684,942
4685,12.56
4686,3/4
4687,200
4688,900
4689,13/25
4690,4.8
4691,10
4692,82.5
4693,75.36
4694,31.4
4695,125.6
4696,90
4697,0.165
4698,45
4699,314
4700,753.6
4701,82.928
4702,2.5
4703,5
4704,5
4705,20
4706,10000
4707,36
4708,521
4709,48
4710,25%
4711,280
4712,6280
4713,565
4714,37.68
4715,0.08
4716,65.94
4717,9.8125
4718,720
4719,91.4
4720,1/5
4721,542
4722,894
4723,210
4724,40.82
4725,24.42
4726,25
4727,63.64
4728,78.5
4729,55
4730,1.2584
4731,330
4732,375
4733,36
4734,1000
4735,157
4736,247
4737,15
4738,1500
4739,1800
4740,25.12
4741,125.628;42.155
4742,2.2
4743,100.48
4744,720
4745,3215
4746,10
4747,42
4748,904.32
4749,196.328
4750,200
4751,24
4752,3.4392
4753,361
4754,1050
4755,5600
4756,150.72
4757,34
4758,900000
4759,13333
4760,75.36
4761,45/11
4762,2.34
4763,0.04
4764,202
4765,27
4766,1884
4767,800
4768,3.5
4769,18.84
4770,62.8
4771,20.32
4772,12.762
4773,330
4774,24
4775,20
4776,219.84
4777,28.26
4778,12.5%
4779,12.56
4780,6.28
4781,34.54
4782,40
4783,192
4784,524
4785,15700
4786,600
4787,30
4788,6
4789,2.449
4790,30
4791,9150
4792,219.8
4793,12560
4794,96
4795,87.92
4796,2826.03
4797,70.336
4798,30
4799,56.52
4800,157
4801,125.6
4802,5
4803,2.5
4804,25
4805,555.28
4806,64.7
4807,942
4808,94.2
4809,40192
4810,113.04
4811,942
4812,125.6
4813,500
4814,50
4815,16384
4816,36%
4817,1/4
4818,40
4819,1540
4820,1.75
4821,113.04
4822,3.3182
4823,407.85
4824,11.11%
4825,180
4826,6
4827,34
4828,12.56
4829,216
4830,750
4831,2826
4832,440
4833,9
4834,5500.25
4835,80
4836,28.2
4837,12.96
4838,250
4839,157.784
4840,12
4841,10
4842,1080
4843,49.1
4844,40
4845,600
4846,8
4847,12
4848,696
4849,448
4850,4.8
4851,30
4852,72
4853,353
4854,4/15
4855,60
4856,210
4857,3000
4858,46
4859,1/30
4860,6
4861,157
4862,10
4863,0.863
4864,20/9
4865,12.56
4866,15
4867,8
4868,180
4869,35
4870,84
4871,40/9
4872,50
4873,150.72
4874,30144
4875,502.4
4876,314
4877,502.4
4878,48000
4879,3/4
4880,282.6
4881,8
4882,10
4883,1/5
4884,40
4885,234
4886,18
4887,12
4888,29
4889,14
4890,3
4891,50
4892,120
4893,5400
4894,30
4895,6
4896,100
4897,12.5
4898,4
4899,10
4900,80
4901,22
4902,28
4903,1176
4904,21.98
4905,28.26
4906,20
4907,2.5
4908,5,
4909,150
4910,16
4911,113.04
4912,5
4913,5
4914,10
4915,31
4916,28.2
4917,36
4918,3
4919,150
4920,404
4921,4617
4922,14.4
4923,4
4924,6_2/3
4925,27
4926,500
4927,189
4928,800
4929,6
4930,60
4931,90
4932,500
4933,0.8,,,,,,,,,,,,,,,,
4934,31.5
4935,6
4936,34
4937,15
4938,817
4939,12
4940,40
4941,1
4942,9.5
4943,60
4944,67.5
4945,20/7
4946,1/6
4947,196.25
4948,11
4949,4
4950,22
4951,30
4952,30
4953,12
4954,368
4955,1/5
4956,68
4957,12
4958,4
4959,47.12
4960,12.56
4961,120
4962,14%
4963,15
4964,1.5
4965,60
4966,83
4967,172
4968,28
4969,62
4970,68
4971,54
4972,68
4973,43
4974,18
4975,63
4976,21
4977,18
4978,17
4979,7
4980,56
4981,9
4982,84
4983,56
4984,63
4985,18
4986,16
4987,24
4988,27
4989,12
4990,35
4991,18
4992,4
4993,5
4994,6
4995,24
4996,30
4997,24
4998,94
4999,9
5000,36
5001,27
5002,32
5003,70
5004,78
5005,125
5006,34
5007,23
5008,8
5009,3
5010,61
5011,47
5012,8
5013,5
5014,7
5015,4
5016,6
5017,6
5018,26
5019,8
5020,8
5021,28
5022,27
5023,3
5024,9
5025,47
5026,81
5027,11
5028,28
5029,20
5030,20
5031,46
5032,44
5033,27
5034,5
5035,10
5036,2
5037,11
5038,38
5039,50
5040,8
5041,4
5042,20
5043,31
5044,44
5045,19
5046,3
5047,6
5048,12
5049,18
5050,13
5051,13
5052,11
5053,25
5054,31
5055,91
5056,35
5057,80
5058,56
5059,26
5060,81
5061,4
5062,55
5063,55
5064,6
5065,18
5066,50
5067,89
5068,97
5069,80
5070,3
5071,51
5072,80
5073,16
5074,24
5075,57
5076,26
5077,8
5078,42
5079,7
5080,27
5081,30
5082,31
5083,16
5084,6
5085,56
5086,32
5087,24
5088,21
5089,33
5090,32
5091,16
5092,24
5093,23
5094,8
5095,6
5096,8
5097,16
5098,15
5099,18
5100,8
5101,18
5102,6
5103,15
5104,107
5105,18
5106,39
5107,7
5108,19
5109,20
5110,82
5111,21
5112,8
5113,27
5114,176
5115,52.5
5116,5
5117,60
5118,235.52
5119,44
5120,13
5121,2400
5122,1800
5123,6
5124,6800
5125,44
5126,48
5127,23
5128,200
5129,6
5130,80
5131,750
5132,258
5133,36
5134,90
5135,3
5136,2.5
5137,8
5138,12
5139,1507.2
5140,94.125
5141,1.57
5142,0.525
5143,1530
5144,4
5145,2
5146,160
5147,1250
5148,75.36
5149,105
5150,1248
5151,83
5152,3000
5153,188.4
5154,14.58
5155,5000
5156,64.42
5157,40
5158,4000
5159,240
5160,40
5161,270
5162,66
5163,33
5164,800
5165,40
5166,48
5167,252
5168,18
5169,1256
5170,294
5171,125.6
5172,1.032
5173,225
5174,40/3
5175,32
5176,150.72
5177,12
5178,1507.2368
5179,2250
5180,56
5181,1.5
5182,5520
5183,80
5184,450
5185,1.75
5186,2100
5187,1460
5188,0.028
5189,130000
5190,5
5191,18.5
5192,48
5193,15
5194,35
5195,360
5196,51
5197,200
5198,10
5199,9.75
5200,960
5201,0.048
5202,36
5203,14
5204,45
5205,36.3
5206,5
5207,400
5208,8
5209,2.85
5210,70
5211,25
5212,1400
5213,1200
5214,35
5215,2.25
5216,5_2/7
5217,40.82
5218,37
5219,3.14
5220,240
5221,10
5222,400
5223,80
5224,400
5225,42
5226,1250
5227,8
5228,48
5229,1500
5230,26.4288
5231,12
5232,27.3
5233,0.2
5234,3360
5235,10960
5236,986.8
5237,7.536
5238,30
5239,27
5240,2.5
5241,2300
5242,600
5243,78.5
5244,4800
5245,64
5246,45
5247,26
5248,102
5249,24
5250,7
5251,20
5252,40
5253,32
5254,18
5255,78
5256,6.6
5257,11
5258,10
5259,20
5260,39
5261,1000
5262,112
5263,505
5264,0.5
5265,11
5266,8
5267,116.25
5268,3060
5269,10
5270,18
5271,10
5272,6
5273,35
5274,3000
5275,80
5276,100
5277,96.96
5278,30%
5279,4560
5280,12
5281,3.2
5282,72
5283,1920
5284,120
5285,100.48
5286,31.4
5287,30
5288,7.5
5289,5
5290,120
5291,50
5292,33051
5293,71
5294,1
5295,384
5296,30
5297,3
5298,13.5
5299,180
5300,294
5301,800
5302,105
5303,150
5304,60
5305,252
5306,48
5307,36
5308,300
5309,400
5310,65
5311,12.96
5312,12
5313,20
5314,28
5315,45
5316,378
5317,30
5318,150
5319,3080
5320,300
5321,72
5322,48
5323,1.57
5324,49.14
5325,270
5326,50
5327,40
5328,200
5329,20000
5330,800
5331,56
5332,1
5333,120
5334,36
5335,7200
5336,120
5337,216
5338,48
5339,50
5340,1100
5341,6500
5342,50
5343,384
5344,75.36
5345,2826
5346,10
5347,120
5348,12
5349,250
5350,2400
5351,1200
5352,201
5353,2600
5354,9
5355,480
5356,20
5357,480
5358,50
5359,40000
5360,1570
5361,10
5362,10
5363,188
5364,10
5365,25
5366,1200
5367,25
5368,301.44
5369,0.87
5370,132
5371,3.2
5372,50000
5373,720
5374,8
5375,25
5376,60
5377,300
5378,2430
5379,200
5380,1.5
5381,40
5382,1500
5383,1900
5384,70
5385,75
5386,34
5387,560
5388,2
5389,37
5390,8
5391,68
5392,2.1
5393,27
5394,0.75
5395,154
5396,250
5397,20000
5398,275
5399,70
5400,2450
5401,5000
5402,14
5403,60
5404,33
5405,4.32
5406,188
5407,400
5408,2100
5409,81
5410,30
5411,26
5412,15.5
5413,89
5414,1962.5
5415,1067.1
5416,64
5417,504
5418,480
5419,1000
5420,440
5421,2.5
5422,10
5423,15
5424,0.88
5425,3.75
5426,30
5427,1500
5428,60
5429,900
5430,64
5431,48
5432,8000
5433,210
5434,1000000
5435,1000
5436,360
5437,5.83
5438,12000
5439,12
5440,128
5441,12
5442,60
5443,12
5444,36
5445,0.25
5446,38
5447,2.9
5448,2.7
5449,0.125dm3
5450,1.5
5451,68
5452,7800.96
5453,130
5454,384
5455,24
5456,8
5457,336
5458,3.14
5459,195
5460,360
5461,25.12
5462,12.48
5463,360
5464,5
5465,240
5466,6
5467,3
5468,1.98
5469,33.5
5470,100
5471,1400
5472,1800
5473,180
5474,24
5475,6
5476,0.2
5477,24
5478,4000
5479,18000
5480,8000
5481,14
5482,12
5483,2.5
5484,2.5
5485,2.5
5486,400
5487,235
5488,121
5489,20
5490,49
5491,9
5492,5
5493,53
5494,851.2
5495,42
5496,20
5497,6
5498,500
5499,37.5
5500,5.6
5501,102
5502,3.75
5503,1200
5504,600
5505,28
5506,7.5
5507,2400
5508,300
5509,440
5510,6
5511,480
5512,32
5513,7
5514,70
5515,30
5516,5000
5517,12000
5518,260
5519,6145
5520,64
5521,1152
5522,0.75
5523,1920
5524,35
5525,3.8
5526,140
5527,110
5528,25.8
5529,1347
5530,104
5531,3000
5532,5317.5
5533,48
5534,3
5535,2.1
5536,5400
5537,450
5538,12.35
5539,90
5540,35
5541,90
5542,54
5543,112
5544,11
5545,18
5546,35.2
5547,75
5548,2.5
5549,280
5550,900
5551,480
5552,1680
5553,30
5554,4.5
5555,1650
5556,90
5557,45
5558,2.5
5559,12
5560,2.4
5561,270
5562,12000
5563,540
5564,12
5565,27
5566,5.8
5567,45
5568,0.8
5569,60
5570,260
5571,120
5572,176
5573,14500
5574,170
5575,6
5576,2
5577,75.36
5578,1.75
5579,140
5580,38.4
5581,32
5582,133.4
5583,490
5584,90
5585,12
5586,90
5587,430
5588,30
5589,36
5590,2.6
5591,2880
5592,455
5593,1080
5594,10
5595,96
5596,328.5
5597,84
5598,6
5599,1200
5600,520
5601,4500
5602,1620
5603,2.375
5604,80
5605,150
5606,6576
5607,47
5608,120
5609,1400
5610,30.6
5611,48
5612,1200
5613,7.5
5614,28
5615,75.36
5616,15.7
5617,7200
5618,3.5
5619,37.55
5620,3000
5621,6280
5622,39.25
5623,2/5
5624,128
5625,20
5626,10200
5627,140
5628,24
5629,120.8
5630,250
5631,1245
5632,45.2
5633,1530
5634,100
5635,62.83
5636,13500
5637,3600
5638,30
5639,100
5640,15.625
5641,498
5642,2520
5643,120
5644,13
5645,240
5646,6
5647,28.26
5648,84
5649,125
5650,144
5651,28.26
5652,480
5653,400
5654,2.5
5655,15
5656,100
5657,3.5
5658,27.625
5659,7
5660,720
5661,60
5662,80
5663,2.5
5664,20
5665,400
5666,30
5667,120
5668,15
5669,4
5670,500
5671,2.12
5672,600
5673,60
5674,600
5675,1570
5676,5025
5677,22
5678,46
5679,1500
5680,500
5681,594.75
5682,31.5
5683,40
5684,12
5685,1884
5686,25
5687,686
5688,753.6
5689,22.5
5690,25
5691,2000
5692,13
5693,456
5694,120
5695,220
5696,1575
5697,1600
5698,16
5699,168
5700,12.56
5701,5
5702,45
5703,20
5704,350
5705,80
5706,64.6
5707,600
5708,21
5709,13910.5
5710,20.31
5711,36
5712,8
5713,1600
5714,1.1
5715,1381.85
5716,117
5717,8
5718,192
5719,5
5720,945
5721,37.68
5722,15
5723,4
5724,720
5725,105
5726,9
5727,390
5728,4
5729,16
5730,11
5731,2800
5732,784
5733,104.8
5734,5728
5735,10
5736,538.76
5737,425
5738,3430
5739,180000
5740,8
5741,6.4
5742,10
5743,50
5744,590
5745,30
5746,364
5747,12
5748,2000
5749,3.14
5750,702
5751,332
5752,320
5753,235
5754,232
5755,135
5756,142
5757,23
5758,220
5759,24
5760,40
5761,0.75,000,500.,,000.,000.,000.,000.,000.,000.
5762,180
5763,112
5764,35
5765,2
5766,1960
5767,32.4
5768,480
5769,260
5770,25
5771,45
5772,20.94118
5773,400
5774,24
5775,320
5776,20
5777,200
5778,28
5779,10
5780,36
5781,4
5782,192
5783,5
5784,30
5785,1250
5786,85
5787,44
5788,112750
5789,200
5790,99
5791,68
5792,48000
5793,9250
5794,400
5795,243
5796,420
5797,6
5798,4000
5799,3.24
5800,252
5801,8
5802,250
5803,135.6
5804,30
5805,2.5
5806,40
5807,347.9
5808,60
5809,84
5810,12
5811,0.5
5812,12
5813,1650
5814,290
5815,20
5816,85
5817,124
5818,4.5
5819,150
5820,6.48
5821,36
5822,6
5823,36
5824,30
5825,4
5826,4000
5827,3
5828,240
5829,23810
5830,2550
5831,2800
5832,3360
5833,8
5834,500
5835,1500
5836,62.8
5837,5.5
5838,23.5
5839,75.36
5840,32
5841,24
5842,60
5843,0.8
5844,103
5845,63
5846,72
5847,440
5848,135
5849,5.68
5850,4.5
5851,63.8
5852,25
5853,9120
5854,8
5855,816.67
5856,9000
5857,2000
5858,3300
5859,24
5860,7
5861,0.8
5862,126.7
5863,483
5864,42
5865,1.15
5866,330
5867,4.5
5868,15/8
5869,2.67
5870,15
5871,12
5872,330
5873,1.6
5874,50
5875,500
5876,24
5877,72
5878,2
5879,45
5880,30
5881,401
5882,45
5883,249
5884,24
5885,100
5886,12.5
5887,6
5888,4200
5889,56
5890,34
5891,180
5892,40
5893,37.3
5894,1920
5895,32
5896,750
5897,2.2
5898,5256
5899,8
5900,13.8
5901,6,
5902,240
5903,2.25
5904,21600
5905,342
5906,40
5907,9
5908,60
5909,7
5910,53
5911,9
5912,16
5913,39
5914,25
5915,8
5916,3
5917,6
5918,50
5919,60
5920,46
5921,8
5922,8
5923,18
5924,30
5925,42
5926,26
5927,61
5928,694
5929,1011
5930,6
5931,800
5932,3
5933,72
5934,42
5935,2
5936,35
5937,8
5938,12
5939,35
5940,12
5941,20
5942,10
5943,15
5944,15
5945,10
5946,10
5947,42
5948,46
5949,56
5950,3
5951,4
5952,12
5953,11
5954,9
5955,42
5956,21
5957,32
5958,82
5959,44
5960,20
5961,50
5962,18
5963,36
5964,33
5965,24
5966,16
5967,53
5968,41
5969,3
5970,62
5971,53
5972,4
5973,6
5974,5
5975,6
5976,24
5977,30
5978,2
5979,12
5980,3
5981,46
5982,9
5983,4
5984,22
5985,60
5986,9
5987,34
5988,17
5989,27
5990,10
5991,4
5992,4
5993,18
5994,9
5995,20
5996,6
5997,4
5998,8
5999,5
6000,7
6001,21
6002,6
6003,6
6004,26
6005,27
6006,3
6007,9
6008,47
6009,81
6010,11
6011,28
6012,20
6013,20
6014,46
6015,44
6016,27
6017,8
6018,3
6019,25
6020,31
6021,42
6022,19
6023,3
6024,6
6025,12
6026,18
6027,13
6028,19
6029,11
6030,25
6031,31
6032,91
6033,35
6034,80
6035,56
6036,26
6037,81
6038,55
6039,6
6040,87
6041,51
6042,80
6043,16
6044,24
6045,57
6046,26
6047,8
6048,26
6049,11
6050,20
6051,26
6052,31
6053,27
6054,15
6055,88
6056,57
6057,7
6058,16
6059,8
6060,99
6061,81
6062,27
6063,78
6064,24
6065,18
6066,23
6067,27
6068,25
6069,36
6070,19
6071,9
6072,24
6073,80
6074,8
6075,20
6076,8
6077,40
6078,3
6079,25
6080,13
6081,6
6082,14
6083,53
6084,41
6085,41
6086,45
6087,19
6088,24
6089,31
6090,40
6091,11
6092,84
6093,40
6094,44
6095,30
6096,20
6097,35
6098,45
6099,25
6100,8
6101,8
6102,14
6103,47
6104,10
6105,72
6106,34
6107,9
6108,6
6109,3
6110,18
6111,4
6112,19
6113,10
6114,62
6115,7
6116,27
6117,30
6118,37
6119,16
6120,6
6121,56
6122,32
6123,21
6124,33
6125,32
6126,18
6127,24
6128,23
6129,8
6130,6
6131,8
6132,16
6133,15
6134,18
6135,8
6136,18
6137,6
6138,15
6139,209
6140,18
6141,20
6142,82
6143,16
6144,27
6145,21
6146,8
6147,27
6148,176
6149,2
6150,4
6151,80
6152,68
6153,32
6154,19
6155,15
6156,270
6157,141
6158,538
6159,398
6160,4
6161,40
6162,150
6163,5
6164,0.8
6165,2
6166,100
6167,1590
6168,528
6169,720
6170,411
6171,31
6172,32
6173,1200
6174,60
6175,60
6176,1050
6177,2400
6178,0.6
6179,7
6180,37
6181,27分
6182,88
6183,14
6184,200
6185,1700
6186,61
6187,4360
6188,560
6189,363
6190,353
6191,130
6192,450
6193,15
6194,105
6195,1800
6196,240
6197,4000
6198,1008
6199,36
6200,48
6201,48
6202,12
6203,72
6204,37.5
6205,40
6206,136
6207,7
6208,100
6209,17
6210,78
6211,136
6212,316
6213,76
6214,142
6215,270
6216,99
6217,100
6218,32
6219,55
6220,477
6221,够不够？800-238-458=324>0，够
6222,139
6223,39
6224,16
6225,9
6226,54
6227,9
6228,9
6229,72
6230,315
6231,462
6232,2
6233,220
6234,14
6235,2200
6236,98
6237,108
6238,113
6239,44
6240,360
6241,39
6242,210
6243,5
6244,6
6245,405
6246,276
6247,84
6248,395
6249,159
6250,5
6251,5
6252,94
6253,260
6254,36
6255,106
6256,78
6257,100
6258,2.5
6259,225
6260,11
6261,64
6262,24
6263,1066
6264,91
6265,11
6266,109
6267,14
6268,21
6269,540
6270,4000
6271,220
6272,170
6273,77
6274,51.2
6275,1100
6276,2.5
6277,71
6278,250
6279,4
6280,5
6281,388
6282,186
6283,50
6284,36.8
6285,1.02
6286,0.149
6287,21
6288,210
6289,32
6290,24
6291,351
6292,16.48
6293,47.70
6294,59.4
6295,3
6296,1200
6297,75
6298,101.7
6299,56.7
6300,26.4
6301,12
6302,257
6303,300
6304,64
6305,165
6306,14910
6307,315
6308,6
6309,74
6310,169
6311,76
6312,50
6313,21
6314,120
6315,36°,
6316,12
6317,45
6318,39500
6319,400
6320,250
6321,0.64
6322,4440
6323,308
6324,8
6325,24
6326,9
6327,205
6328,225
6329,2940
6330,6420
6331,7200
6332,720
6333,13340
6334,4800
6335,696
6336,125
6337,900
6338,9
6339,40
6340,160
6341,48
6342,160
6343,400
6344,2200
6345,4
6346,6
6347,6
6348,48
6349,2
6350,20
6351,3600
6352,13
6353,7.5
6354,1000
6355,5.25
6356,13
6357,1200
6358,8
6359,15
6360,20
6361,112
6362,11570
6363,30
6364,6
6365,4/5
6366,12
6367,64
6368,590
6369,780
6370,30
6371,24
6372,45
6373,1/3
6374,8
6375,152
6376,708
6377,1872
6378,18.84
6379,10/3
6380,14
6381,20
6382,12
6383,7000
6384,2
6385,150
6386,78
6387,6000
6388,7.5
6389,1.8
6390,55
6391,0.6
6392,4
6393,13.5
6394,100
6395,35
6396,3360
6397,5
6398,4
6399,1428
6400,380
6401,1000
6402,35
6403,6
6404,200
6405,240
6406,675
6407,1267
6408,760
6409,20000
6410,10500
6411,0.7
6412,8000
6413,350
6414,1000
6415,173.58
6416,139.1
6417,53.4
6418,2940
6419,22
6420,540
6421,276
6422,1980
6423,45
6424,140
6425,11
6426,875
6427,180
6428,5.25
6429,26
6430,13.5
6431,8.2
6432,72
6433,120
6434,105
6435,80
6436,180
6437,4050
6438,18
6439,16
6440,1200
6441,50%超载
6442,0.8
6443,50
6444,40
6445,86.1
6446,9.42
6447,189.8
6448,12
6449,65°
6450,343.56
6451,32
6452,38
6453,37
6454,72
6455,110.8
6456,630
6457,107.2
6458,120
6459,648
6460,120
6461,7.5
6462,40
6463,107
6464,1920
6465,100
6466,22
6467,12
6468,23
6469,21
6470,20
6471,24
6472,32
6473,9
6474,7
6475,7.2
6476,33
6477,9
6478,4
6479,40
6480,42
6481,25
6482,50
6483,1343
6484,19
6485,300
6486,9
6487,49
6488,480
6489,6
6490,4
6491,140
6492,150
6493,105
6494,8
6495,125.6
6496,121
6497,2198.4
6498,24.2
6499,24
6500,44
6501,10
6502,6
6503,4.5
6504,24
6505,600
6506,134
6507,180
6508,95
6509,16
6510,45
6511,140
6512,24
6513,325
6514,368
6515,5
6516,240
6517,280
6518,8.95
6519,875
6520,17
6521,848
6522,5
6523,0.67
6524,8
6525,4
6526,192
6527,20.5
6528,88
6529,101
6530,1200
6531,987.5
6532,32
6533,6
6534,1440
6535,90
6536,176
6537,54
6538,170
6539,46
6540,160
6541,25
6542,1650
6543,222
6544,5
6545,30900
6546,2000
6547,150
6548,161
6549,475
6550,37
6551,1872
6552,206
6553,10
6554,4
6555,648
6556,133
6557,33.75
6558,81
6559,4
6560,12
6561,660
6562,2.29
6563,16
6564,352
6565,35
6566,48
6567,17.6
6568,22875
6569,80
6570,110
6571,45
6572,2100
6573,1800
6574,12
6575,1890
6576,1000
6577,133.2
6578,4410
6579,8
6580,40
6581,340
6582,85
6583,2520
6584,4
6585,4.5
6586,576
6587,36
6588,7.135
6589,8
6590,1536
6591,1330
6592,20
6593,190
6594,900
6595,65
6596,184
6597,6.2
6598,304
6599,2730
6600,5400
6601,2250
6602,52
6603,376
6604,38
6605,211
6606,18750
6607,120
6608,18.5
6609,6
6610,40
6611,248
6612,4
6613,24
6614,288
6615,1050
6616,624
6617,807
6618,38
6619,374
6620,8
6621,9
6622,4
6623,576
6624,1320
6625,6
6626,14000
6627,461
6628,600
6629,60
6630,844
6631,14.4
6632,60
6633,69.92
6634,130
6635,3.5
6636,30
6637,100
6638,24
6639,23800
6640,60
6641,2.5
6642,1535
6643,30
6644,552
6645,2
6646,9400
6647,6960
6648,13780
6649,3
6650,270
6651,48
6652,20
6653,615
6654,177
6655,10.1
6656,13
6657,18
6658,185
6659,540
6660,25
6661,264
6662,4.5
6663,7
6664,277.5
6665,8
6666,126
6667,824
6668,160
6669,27
6670,1050
6671,1872
6672,60
6673,205
6674,138
6675,163
6676,29
6677,359
6678,3600
6679,700
6680,40
6681,1680
6682,524
6683,21
6684,1208
6685,160
6686,525
6687,420101
6688,294
6689,768
6690,1.5
6691,53
6692,2.1
6693,560
6694,240
6695,63
6696,6
6697,2700
6698,1152
6699,10.3
6700,42
6701,600
6702,980
6703,13
6704,4840
6705,50
6706,45
6707,25
6708,18.24
6709,100.4864
6710,18000
6711,10
6712,103
6713,8
6714,3
6715,7
6716,16
6717,17
6718,18
6719,23
6720,85
6721,3216
6722,270
6723,400
6724,248
6725,880
6726,80
6727,5
6728,18
6729,0.8
6730,21
6731,31
6732,8
6733,12
6734,19
6735,88
6736,52
6737,83
6738,24
6739,96
6740,10
6741,35
6742,11
6743,10
6744,12
6745,15
6746,2
6747,3
6748,30
6749,22
6750,21
6751,4
6752,39
6753,43
6754,36
6755,80
6756,37
6757,8
6758,30
6759,17
6760,35
6761,45
6762,16
6763,20
6764,4
6765,36
6766,4
6767,30
6768,4
6769,4
6770,6
6771,6
6772,20
6773,60
6774,20
6775,5
6776,9
6777,19
6778,2.5
6779,17
6780,11
6781,27
6782,45
6783,43
6784,27
6785,72
6786,4.4
6787,50
6788,8
6789,69
6790,87
6791,6
6792,24
6793,79
6794,30
6795,10
6796,40
6797,24
6798,35
6799,49
6800,61
6801,30
6802,100
6803,22
6804,14
6805,113
6806,40
6807,100
6808,10
6809,27
6810,37
6811,46
6812,40
6813,42
6814,39
6815,47
6816,6
6817,25
6818,47
6819,81
6820,37
6821,11
6822,31
6823,23
6824,1
6825,33
6826,30
6827,38
6828,12
6829,28
6830,33
6831,80
6832,57
6833,14
6834,36
6835,40
6836,46
6837,16
6838,24
6839,12
6840,5
6841,35
6842,7
6843,6
6844,9
6845,6
6846,12
6847,18
6848,4
6849,18
6850,14
6851,13
6852,9
6853,9
6854,12000
6855,17
6856,9
6857,8
6858,0.232856
6859,178
6860,1220
6861,60
6862,100
6863,5670
6864,680
6865,8
6866,36
6867,95%
6868,9040
6869,110
6870,128
6871,288
6872,1190
6873,1500
6874,3600
6875,144
6876,12
6877,6
6878,260
6879,60
6880,120
6881,7500
6882,108
6883,16
6884,300
6885,220
6886,260
6887,792
6888,60
6889,80
6890,58
6891,56
6892,72
6893,7.5
6894,6
6895,218
6896,512
6897,840
6898,565.2
6899,4050
6900,36
6901,0.2
6902,301.44
6903,78
6904,1
6905,204
6906,9
6907,56
6908,67
6909,625
6910,27
6911,528
6912,45
6913,96%
6914,94.4%
6915,1/10
6916,125.6
6917,100
6918,777.6
6919,216
6920,216
6921,216
6922,30
6923,27
6924,3025
6925,32
6926,12
6927,50000
6928,24.588
6929,1296
6930,7245
6931,4
6932,140
6933,40
6934,2.7
6935,13
6936,9
6937,40
6938,13
6939,4
6940,25%
6941,200
6942,60
6943,115%
6944,89
6945,28
6946,20
6947,36
6948,50
6949,37.5
6950,250
6951,157.08
6952,126
6953,54
6954,4.2
6955,65
6956,10
6957,1.8
6958,9
6959,508.682
6960,125
6961,960
6962,7500
6963,248
6964,5
6965,18
6966,24
6967,321.6
6968,32
6969,30
6970,24
6971,18
6972,8.4
6973,12
6974,36
6975,160
6976,14
6977,11
6978,96
6979,40
6980,27
6981,10%
6982,2850
6983,6000
6984,15/45=1/3
6985,48
6986,126
6987,192
6988,200
6989,35
6990,4.5
6991,1600
6992,120
6993,15
6994,270
6995,2600
6996,920
6997,6.64
6998,300
6999,400
7000,8
7001,0.88
7002,25
7003,20
7004,48
7005,12
7006,225
7007,180
7008,25%
7009,4.8
7010,60
7011,31.176
7012,150
7013,2000
7014,324
7015,504
7016,1500
7017,2.826
7018,2880
7019,1640
7020,50
7021,100.86
7022,100
7023,60
7024,5
7025,48
7026,180
7027,2.594
7028,20%
7029,192.5
7030,150
7031,40
7032,8640
7033,100
7034,33.3%
7035,80
7036,24/5
7037,10.8%
7038,256
7039,675
7040,6_2/5
7041,780
7042,510
7043,405
7044,60
7045,9
7046,270
7047,96
7048,30
7049,1.5
7050,158.85
7051,1540
7052,36
7053,2
7054,16
7055,120
7056,84
7057,4
7058,19.2
7059,280
7060,93.3%
7061,15
7062,54.8
7063,38400000000000000000000000000000000000000000000000000000000000000000000000000000000000000000000000000000000000000000000000000000000000000000000000000000000000000000000000000000000000000000000000000000000000000000000000000000000000000000000000000000000000000000000000000000000000000000000000000000000000000000000000000000000000000000000000000000000000000000000000000000000000000000000000000000000000000000000000000000000000000000000000000000000000000000000000000000000000000000000000000000000000000000000000000000
7064,23
7065,3.7
7066,2800
7067,2.2
7068,12
7069,66
7070,8.26
7071,5
7072,350
7073,5
7074,20%
7075,36
7076,690
7077,50
7078,2500
7079,3.5
7080,22.5
7081,240
7082,60
7083,1020
7084,15
7085,12
7086,192
7087,2.1
7088,12
7089,35
7090,100
7091,100
7092,12
7093,144
7094,200
7095,480
7096,10
7097,54
7098,23.55
7099,0.4
7100,401
7101,1600
7102,0.78
7103,8
7104,3
7105,270
7106,392.5
7107,2000
7108,5
7109,75
7110,1/3
7111,23
7112,21.98
7113,15
7114,99/57=18/13≈1.3846
7115,45
7116,720
7117,251.2
7118,1884
7119,56
7120,8
7121,190.3
7122,715
7123,124
7124,32
7125,6
7126,540
7127,86
7128,36
7129,85
7130,12.56
7131,5
7132,60
7133,25
7134,188
7135,13
7136,120
7137,60
7138,100
7139,54
7140,2.62
7141,0.6825
7142,600
7143,10%
7144,3.5
7145,5
7146,81%
7147,10%
7148,13,
7149,20
7150,6
7151,8
7152,420
7153,4
7154,120
7155,3000
7156,110
7157,54
7158,100.6
7159,6
7160,36
7161,300
7162,5
7163,6
7164,128
7165,0.25
7166,392
7167,240
7168,100
7169,20
7170,12
7171,100
7172,120
7173,40%
7174,33.3%
7175,4500
7176,5.5
7177,1000
7178,100
7179,234
7180,314
7181,522.5
7182,1400
7183,555
7184,2.8
7185,72
7186,6
7187,768
7188,15
7189,48
7190,97
7191,48
7192,217.5
7193,92968
7194,56000%
7195,2.5
7196,1200
7197,144
7198,12
7199,48
7200,6
7201,12
7202,6480
7203,108
7204,4
7205,128
7206,160
7207,13
7208,9600
7209,432
7210,306
7211,1.26
7212,48
7213,6.4
7214,50
7215,87.92
7216,396
7217,40.82
7218,15.7
7219,700
7220,10th
7221,2128
7222,21
7223,17.5%
7224,240
7225,12.5
7226,3.9
7227,25
7228,8
7229,20
7230,20%
7231,600
7232,300
7233,2.4
7234,3.5
7235,135
7236,18.75
7237,100
7238,100
7239,150
7240,6
7241,216
7242,32
7243,2400
7244,5
7245,630
7246,73
7247,3.6
7248,168
7249,2000
7250,27000
7251,7
7252,36
7253,216
7254,3000
7255,95.5
7256,1110
7257,340
7258,1620
7259,187
7260,60
7261,36
7262,36
7263,128
7264,800
7265,138
7266,92
7267,3520
7268,3.8
7269,5500
7270,1.256
7271,113.04
7272,24
7273,300
7274,20
7275,60
7276,125
7277,750
7278,1000
7279,4000
7280,10
7281,60
7282,300
7283,10%
7284,30
7285,15
7286,24
7287,7
7288,5
7289,150
7290,324
7291,4700
7292,55
7293,180
7294,2000
7295,45.12
7296,240
7297,150
7298,272
7299,53.4
7300,40
7301,7/8,,
7302,15
7303,90
7304,25000
7305,20
7306,54
7307,540
7308,220
7309,2.4
7310,70
7311,50/74
7312,54
7313,240
7314,108.75
7315,72
7316,20
7317,251.2
7318,756
7319,348.84
7320,13
7321,90
7322,35
7323,300
7324,92.3
7325,3.5
7326,2000
7327,0.4
7328,3000
7329,16
7330,12
7331,180
7332,2.541
7333,200
7334,300
7335,45
7336,15120
7337,200000
7338,5.5
7339,1225
7340,45.575
7341,40
7342,13
7343,10
7344,360
7345,67
7346,63.05
7347,1550
7348,31.4
7349,100
7350,90
7351,28
7352,60
7353,200
7354,1000
7355,704
7356,87.92
7357,260
7358,12/5
7359,67
7360,22
7361,940
7362,778
7363,8
7364,55
7365,48
7366,4500
7367,1200
7368,1200
7369,72
7370,12
7371,2
7372,144
7373,48
7374,44
7375,40/9
7376,1/5
7377,53.856
7378,48
7379,84.72
7380,520
7381,1000
7382,4800
7383,30
7384,5
7385,113.04
7386,125.6
7387,1500
7388,0.5
7389,14.25
7390,6
7391,1.5
7392,20
7393,1256
7394,400
7395,520
7396,9600
7397,94
7398,20
7399,60
7400,64
7401,5.5
7402,5
7403,16
7404,150
7405,360
7406,6.5
7407,9
7408,10.016
7409,300
7410,96
7411,6
7412,100
7413,125
7414,65
7415,5
7416,4.25
7417,够
7418,195
7419,2
7420,64
7421,4.8
7422,9
7423,84
7424,211
7425,450
7426,36
7427,6
7428,200
7429,3600
7430,95%
7431,480
7432,42
7433,4
7434,72.8
7435,270
7436,396
7437,117.6
7438,19
7439,6
7440,360
7441,4
7442,120
7443,0.8
7444,50
7445,2.56
7446,15.5
7447,180
7448,6600
7449,7500
7450,31.4
7451,20
7452,7
7453,80
7454,3
7455,63
7456,37.5%
7457,24
7458,3.04
7459,4.5
7460,500
7461,360
7462,44
7463,4000
7464,9.5
7465,400
7466,520
7467,9.6
7468,1250
7469,30
7470,157
7471,4.02
7472,40
7473,0.05
7474,153
7475,9
7476,520
7477,2
7478,55
7479,8
7480,33
7481,48.6
7482,180
7483,400
7484,4000
7485,240
7486,462
7487,27
7488,8
7489,4800
7490,15
7491,409
7492,40
7493,100
7494,90
7495,24
7496,30.6
7497,450
7498,3.3
7499,24
7500,7.0154
7501,3.5
7502,12000
7503,30
7504,3000
7505,193
7506,48
7507,1200
7508,60
7509,190
7510,2.4
7511,63.6
7512,2550
7513,24
7514,120
7515,250
7516,69
7517,630
7518,30/5=6
7519,3.2
7520,1525
7521,304
7522,1413
7523,16
7524,744
7525,192
7526,14000
7527,67.5%
7528,5
7529,10
7530,300
7531,95
7532,10
7533,320
7534,2560
7535,446.88
7536,150
7537,31.6
7538,40
7539,3.8
7540,105
7541,17.5
7542,1224
7543,40
7544,60
7545,125.6
7546,40
7547,75.36
7548,675
7549,600.48
7550,72
7551,1570
7552,195
7553,70.6
7554,69.5
7555,840
7556,20
7557,1800
7558,46
7559,9
7560,75
7561,15
7562,200
7563,147
7564,40
7565,400
7566,99
7567,11.25
7568,930
7569,570
7570,15
7571,6
7572,25.72
7573,20
7574,8500
7575,3
7576,4
7577,100.48
7578,14.1
7579,2/3
7580,200
7581,138
7582,29.4
7583,180
7584,1500
7585,900
7586,0.375
7587,36
7588,40
7589,68
7590,240
7591,21
7592,20
7593,10
7594,180
7595,462
7596,64
7597,106
7598,180
7599,65
7600,5
7601,2.4
7602,68.48
7603,24
7604,12
7605,208
7606,512
7607,1250
7608,40
7609,35
7610,120
7611,6.8
7612,34
7613,76
7614,2.88
7615,180
7616,1
7617,5
7618,36
7619,24
7620,12
7621,12
7622,30
7623,12
7624,0.35
7625,1296
7626,128
7627,57.5
7628,36.5
7629,0.6
7630,6.06
7631,3.8
7632,343
7633,360
7634,150
7635,88.6%
7636,800
7637,6.5
7638,180
7639,66
7640,1.38
7641,3/5
7642,5/8
7643,10
7644,21
7645,20
7646,72/100
7647,21
7648,1/2
7649,5/7
7650,1120
7651,3000
7652,0.3
7653,1.1
7654,36
7655,2400
7656,1/20
7657,64
7658,20
7659,10.4
7660,960
7661,31.8
7662,7/5
7663,3/8
7664,2_2/5
7665,1/5
7666,1/10
7667,17500
7668,9
7669,58
7670,40
7671,60
7672,12
7673,4
7674,8
7675,505
7676,6
7677,2376
7678,4.8
7679,16.2
7680,16.2
7681,3968
7682,4800
7683,7
7684,150
7685,26
7686,800
7687,585.2
7688,11/14
7689,28
7690,1782
7691,80
7692,8280
7693,11/10
7694,3
7695,534
7696,8999/10000
7697,28
7698,5
7699,26
7700,4
7701,46
7702,7
7703,9.5
7704,13.35
7705,8.12
7706,3045
7707,74
7708,28
7709,164
7710,72
7711,1/10
7712,15
7713,7/12
7714,3
7715,90
7716,49
7717,6.6
7718,11/24,,,,
7719,20
7720,11
7721,40.32
7722,85
7723,240
7724,1350
7725,7
7726,1/2
7727,10.2
7728,240
7729,6
7730,140
7731,882
7732,5.25
7733,0.3
7734,240
7735,180
7736,10.5
7737,6
7738,75
7739,75
7740,78
7741,1260
7742,36
7743,85
7744,840
7745,140
7746,38
7747,27
7748,194
7749,51
7750,4.5
7751,700
7752,1.8
7753,540
7754,2.5
7755,5.5
7756,20/7
7757,720
7758,175
7759,4/15
7760,4
7761,2.2
7762,400
7763,125
7764,6
7765,6
7766,12
7767,32800
7768,37
7769,196
7770,185
7771,2865
7772,11/20
7773,200
7774,48
7775,230
7776,1340
7777,40
7778,10
7779,60
7780,3.4
7781,1500
7782,3
7783,14
7784,220
7785,10
7786,19
7787,225
7788,1800
7789,15000
7790,89.65
7791,26
7792,212
7793,3/7
7794,12
7795,15
7796,16
7797,1/2
7798,1260
7799,4320
7800,325
7801,90
7802,9400
7803,1/3,,,,,,,,
7804,24
7805,28
7806,100
7807,234
7808,376
7809,18
7810,3.2
7811,75
7812,0.5
7813,30
7814,3.5
7815,300
7816,1/5
7817,14
7818,240
7819,255
7820,5
7821,9/10
7822,5416
7823,924
7824,0.3
7825,18
7826,10
7827,1/15
7828,800
7829,30
7830,72
7831,630
7832,78
7833,24
7834,93
7835,32
7836,13/40
7837,9
7838,600
7839,26
7840,84
7841,2/7
7842,4
7843,25
7844,100
7845,10
7846,2.2
7847,345
7848,63
7849,340
7850,够不够？够不够？够不够？够不够？够不够？够不够？够不够？够不够？够不够？够不够？不够
7851,3/4
7852,570
7853,8
7854,16
7855,1/2
7856,4
7857,2.35
7858,48
7859,320
7860,32
7861,2/15
7862,250
7863,3
7864,10
7865,105/3
7866,264
7867,9
7868,40/9
7869,4
7870,180
7871,3/4
7872,12
7873,12.6
7874,28
7875,1/9
7876,4
7877,7
7878,50
7879,12
7880,1/4
7881,150
7882,62.5
7883,3/5
7884,1/10
7885,3/5
7886,96
7887,5/6
7888,12
7889,9
7890,8
7891,2.5
7892,30/7
7893,1050
7894,128
7895,112
7896,104894
7897,50
7898,1500
7899,4
7900,12
7901,127
7902,5
7903,20
7904,5.42
7905,3
7906,680
7907,150
7908,24/7
7909,2/5
7910,8
7911,2.5
7912,0.02
7913,79.2
7914,2880
7915,3/16
7916,10
7917,96
7918,1/4
7919,864
7920,9/20
7921,12.8
7922,1/4
7923,1/4
7924,6
7925,648
7926,150
7927,360
7928,2,,,,,,,,,,,,,,,,,,,,,,,,,,,,,,,,,,,,,,,,,,,,,,,
7929,144
7930,50
7931,110
7932,4/5
7933,40
7934,77
7935,5/8
7936,3/5,,,,,,,,
7937,2/5
7938,1000
7939,8
7940,7
7941,5
7942,1/2
7943,6
7944,300
7945,41
7946,8.8
7947,15
7948,20
7949,40
7950,20/7
7951,20
7952,7.5
7953,5
7954,128
7955,86
7956,56
7957,31280
7958,3.4
7959,170
7960,17/60
7961,20
7962,200
7963,200
7964,6000
7965,6
7966,15
7967,150
7968,1716
7969,55
7970,420
7971,51/49
7972,624
7973,100
7974,4
7975,230
7976,125
7977,5000
7978,25
7979,2.8
7980,42
7981,336
7982,30
7983,800
7984,20
7985,69.381
7986,4
7987,125
7988,480
7989,14400
7990,294
7991,72
7992,3
7993,1200
7994,193
7995,3
7996,60
7997,3500
7998,5/8
7999,42
