0,10000
1,23
2,11
3,13/30
4,6
5,1260
6,600
7,4985
8,8.7
9,9
10,41
11,1050
12,70
13,56
14,45
15,8172
16,16
17,29.6
18,322.5
19,10
20,180
21,5
22,100
23,44
24,272
25,53
26,17
27,32
28,3.57
29,1950
30,3.4
31,72
32,9
33,720
34,60
35,19/20
36,251
37,6
38,11/60
39,44
40,400
41,24
42,8
43,500
44,8
45,16
46,95
47,288
48,54
49,280
50,700
51,9
52,11000
53,280
54,778
55,120
56,142
57,3125
58,1248
59,9
60,13
61,1211
62,1300
63,768
64,1176
65,3528
66,13992
67,280
68,3360
69,855
70,9
71,609.6
72,6600
73,5/8
74,375
75,3.8
76,26
77,3/10
78,24
79,194
80,3.4
81,225
82,8
83,49
84,260
85,20%
86,15
87,180
88,426
89,374
90,15.36
91,500
92,16
93,1755
94,400
95,157.07
96,8
97,16
98,7
99,260
100,2288
101,400
102,3505.2
103,14
104,15
105,65
106,5/9
107,20320
108,10.9
109,4
110,2/5
111,1200
112,560
113,142
114,17
115,200
116,15490
117,623
118,192
119,124
120,1.88
121,14
122,10
123,69
124,20000
125,90%
126,360
127,0.5
128,176
129,770
130,7/9
131,5831
132,10
133,20
134,11200
135,11
136,600
137,250
138,12
139,90
140,80
141,233
142,96
143,15
144,8129.76
145,356
146,10
147,8400
148,4000
149,9
150,1/3
151,494
152,10/7
153,440
154,8000
155,3/5
156,2.5
157,600
158,48
159,240
160,30
161,50
162,6
163,6
164,40
165,1350
166,350
167,750
168,11
169,480
170,3
171,10
172,28
173,144
174,1/3
175,14
176,44
177,9
178,4
179,12
180,40
181,40.82
182,12
183,27
184,3/20
185,650
186,5000
187,10
188,312
189,13
190,215
191,628
192,10395
193,890
194,6000
195,2040
196,736
197,56.52
198,450
199,260
200,1500
201,124
202,18
203,7/20
204,4
205,44
206,4/9
207,6
208,40
209,1353
210,6
211,63.8
212,3096
213,31938
214,6
215,6125
216,50
217,4.3
218,63048
219,1000
220,5
221,333
222,20
223,16
224,160
225,1920
226,32
227,9
228,1.8
229,84
230,190
231,303
232,3200
233,207
234,686
235,3000
236,705
237,5950
238,1/9
239,205
240,800
241,198
242,13/8
243,5375
244,432
245,3/5
246,251
247,19/24
248,240
249,8
250,3.2
251,20
252,3216.2
253,1260
254,1080
255,6000
256,1536
257,7
258,490
259,5
260,2610
261,480
262,20
263,144
264,24/5
265,6
266,7/24
267,308
268,24
269,94
270,25000
271,12300
272,750
273,12
274,520
275,1805
276,262
277,12
278,32
279,790
280,753.6
281,8
282,6
283,7456
284,64
285,18
286,240
287,579
288,12
289,2250
290,1044
291,5
292,1
293,510
294,16
295,21
296,490
297,9
298,4
299,99
300,224
301,11/20
302,6
303,8
304,81
305,1256
306,9
307,18
308,50
309,6
310,125.6
311,450
312,31
313,2/7
314,36
315,60
316,400
317,324
318,900
319,1/2
320,9
321,432
322,3/8
323,29/20
324,2/5
325,6
326,3450
327,65.625
328,700
329,2
330,12250
331,434000
332,16000
333,300
334,4/7
335,2628
336,15
337,1620
338,6
339,10
340,40
341,90
342,21
343,56
344,60
345,13
346,48
347,5
348,425
349,7
350,32
351,600
352,495
353,1188
354,144
355,156
356,131
357,53
358,2500
359,4
360,11304
361,125.6
362,30
363,9
364,15
365,540
366,1/3
367,32
368,1/4
369,199
370,150
371,242
372,10
373,7
374,36
375,1350
376,591
377,904.32
378,4466
379,12
380,70
381,43
382,2/5
383,6240
384,56375
385,90
386,36
387,65.94
388,200
389,18
390,6
391,1260
392,768
393,700
394,138.13
395,1050
396,450
397,11
398,6600
399,13
400,168
401,136
402,864
403,2
404,485
405,32
406,12
407,4/15
408,5
409,3.14
410,12
411,5
412,1/4
413,800
414,10
415,1020
416,55
417,8
418,1320
419,20
420,1/3
421,1
422,302.7
423,2.5
424,1.12
425,15.12
426,3.3
427,1040
428,253
429,1250
430,580
431,1200
432,144
433,92
434,12960
435,31
436,544
437,44
438,0.95
439,5100
440,1/4
441,46
442,410
443,87.5
444,64
445,930
446,3/5
447,0.45
448,20
449,1920
450,836
451,68
452,5.5%
453,10
454,30
455,133
456,1080
457,6
458,76
459,390
460,24
461,2400
462,32
463,800
464,12/5
465,1710
466,300
467,244
468,21
469,30
470,12
471,16
472,700
473,125.6
474,16
475,21
476,501
477,10
478,1152
479,168
480,280
481,533
482,7/12
483,3.2
484,30
485,280
486,180
487,216
488,15
489,1184
490,4
491,96
492,180
493,44.72
494,440
495,2093.06
496,480
497,4320
498,60
499,1376
500,272
501,790
502,360
503,750
504,885
505,735
506,300
507,860
508,94.2
509,27
510,1320
511,17
512,17/40
513,7
514,120
515,60
516,786
517,0.1
518,1/2
519,282
520,45
521,9
522,355
523,1800
524,3/8
525,200
526,340
527,98
528,24
529,1884
530,160
531,1
532,200
533,24.3
534,6
535,450
536,1.44
537,20
538,7
539,56
540,192
541,1600
542,216
543,2700
544,44
545,60
546,0.019
547,84
548,10
549,75
550,1850
551,50.24
552,104
553,6
554,1100
555,625
556,11
557,33
558,15.7
559,125.6
560,0.4
561,6
562,5
563,90
564,62
565,60
566,2100
567,300
568,504
569,2100
570,133.8
571,16.8
572,10710
573,18
574,750
575,42
576,6
577,2
578,150
579,260
580,1200
581,14
582,363.9
583,240
584,8
585,9
586,35
587,28
588,50
589,360
590,63
591,16
592,100
593,0.5
594,6
595,40.82
596,0.9
597,920
598,192
599,30000
600,2322
601,2.4
602,6.5
603,40
604,75
605,2/5
606,40
607,75
608,5
609,62
610,900
611,8
612,324
613,60
614,9.6
615,9720
616,83.5
617,50
618,157.68
619,90
620,89.4
621,50
622,4480
623,114
624,98
625,18
626,440
627,200
628,49
629,27
630,12
631,125.6
632,3
633,2000
634,1536
635,94%
636,90%
637,37.5%
638,99%
639,15
640,20
641,55
642,40
643,36
644,300
645,2
646,3
647,18
648,215
649,120
650,100
651,60
652,11_1/4
653,25
654,98%
655,49
656,10
657,96%
658,120
659,95%
660,60
661,480
662,1000
663,75%
664,60
665,1094.5
666,500
667,100
668,12
669,4500
670,44
671,350
672,36
673,50
674,5
675,96%
676,8
677,41
678,98%
679,96%
680,12
681,4600
682,240
683,450
684,70
685,42
686,2280
687,150
688,360
689,30
690,320
691,1500
692,81
693,1
694,25
695,486
696,72
697,32.4
698,13/40
699,55
700,80
701,160
702,4
703,25
704,2
705,8
706,94%
707,5/8
708,20
709,78
710,160
711,45
712,24000
713,0.3
714,10%
715,1000
716,240
717,9600
718,24
719,86
720,150
721,15.7
722,112.5
723,160
724,36
725,425
726,425
727,117
728,250
729,475
730,216
731,15
732,36
733,100
734,245
735,13.5
736,12
737,5
738,84
739,160
740,95%
741,2.25
742,1/2
743,5
744,700
745,1600
746,400
747,153
748,30
749,168
750,8
751,112
752,40
753,11
754,315
755,250
756,5
757,48
758,1
759,1120
760,500
761,25
762,282.6
763,212.7
764,79
765,240
766,21724
767,3.04
768,400
769,40
770,825
771,125
772,187
773,56
774,3000
775,49
776,75.36
777,240
778,420
779,4
780,6
781,1840
782,1560
783,10
784,130
785,170
786,15.7
787,4
788,425
789,576
790,96.3%
791,324
792,625
793,35
794,153.37
795,3650
796,6
797,60
798,4
799,1280
800,40.5
801,54
802,130
803,72
804,40
805,25.2
806,125
807,88
808,5
809,20
810,1.75
811,5.9
812,60
813,113.04
814,25
815,4000
816,2000
817,11
818,8
819,90
820,100
821,800
822,88
823,75
824,125.6
825,105
826,144.2
827,40
828,12
829,202
830,290
831,160
832,15
833,30
834,120
835,240
836,40
837,512
838,40
839,5
840,12
841,5
842,8
843,105
844,546
845,112
846,8
847,42
848,13200
849,7
850,120
851,600
852,45
853,12
854,20
855,1
856,10
857,406
858,14
859,36
860,20
861,200
862,48
863,2/7
864,240
865,11
866,0.3
867,29
868,23.4
869,2
870,13.2
871,180
872,9
873,65
874,38
875,19
876,10000
877,15%
878,17.56
879,78.5%
880,64
881,600
882,4
883,6
884,34
885,34
886,90
887,47.1
888,22
889,25
890,4.5
891,432
892,51.4
893,59.7
894,72
895,11
896,285
897,12
898,4800
899,24000
900,4000
901,207000
902,35
903,125
904,9
905,24
906,400
907,2.4
908,26
909,21.16
910,15
911,7.85
912,300
913,11
914,6.2
915,445
916,2355.2
917,157
918,113.04
919,4.7
920,200
921,3
922,6
923,96%
924,200
925,360
926,93.75%
927,115
928,45
929,3
930,40000
931,6000
932,120
933,452.16
934,7.6
935,3250
936,60
937,84
938,6.66
939,11
940,144
941,14
942,198
943,48
944,19
945,5/12
946,176
947,5
948,270
949,72
950,0.6
951,12
952,32
953,126
954,594
955,12
956,16
957,1200
958,10000
959,13
960,6
961,7
962,640
963,31050
964,16
965,5.5
966,15
967,1000
968,60
969,1/8
970,41.16
971,10
972,3464
973,550
974,41
975,12
976,70
977,8
978,345
979,820
980,101.5
981,1320
982,30
983,448
984,3.6%
985,74
986,256
987,10
988,3
989,150
990,10
991,7620
992,58
993,686
994,11%
995,2040
996,1/3
997,81
998,72
999,1/5
1000,6.28
1001,390
1002,170
1003,30
1004,6
1005,10%
1006,10
1007,26
1008,100800
1009,3/8
1010,1.5
1011,169
1012,312.5
1013,4%
1014,2
1015,40
1016,15
1017,15
1018,78
1019,2/3
1020,8
1021,30%
1022,50%
1023,62.8
1024,90
1025,44440
1026,16000
1027,1
1028,34
1029,70
1030,24
1031,196.6
1032,35
1033,6
1034,112
1035,258
1036,0.36
1037,30
1038,380
1039,20
1040,6
1041,8400
1042,2
1043,16
1044,33.59
1045,216
1046,9/4
1047,36
1048,1216
1049,475
1050,90
1051,50
1052,240
1053,20
1054,2250
1055,1
1056,12
1057,75.36
1058,3/8
1059,512
1060,220
1061,8.0
1062,2.93
1063,3_1/2
1064,30
1065,20
1066,41
1067,4
1068,60
1069,45
1070,55
1071,15
1072,72
1073,284
1074,1/25
1075,4034
1076,15
1077,274
1078,0.6
1079,300
1080,540
1081,98
1082,40
1083,5
1084,1.3
1085,13
1086,5/6
1087,540
1088,4/9
1089,0.0144
1090,150
1091,45
1092,4500
1093,192
1094,921
1095,9
1096,1440
1097,5/8
1098,18
1099,120
1100,1/7
1101,16
1102,552
1103,20
1104,270
1105,2/5
1106,76.4
1107,24
1108,22.5
1109,24
1110,27
1111,3
1112,2.0
1113,20%
1114,700
1115,68
1116,6
1117,30
1118,4
1119,4
1120,15
1121,30
1122,15
1123,8
1124,24
1125,2000
1126,15
1127,1.5
1128,10000
1129,2
1130,1.42
1131,26
1132,30
1133,450
1134,128
1135,30
1136,36.04
1137,14
1138,480
1139,200
1140,6000
1141,27
1142,6
1143,180
1144,8
1145,3
1146,200
1147,576
1148,105
1149,19.3
1150,3.8
1151,120
1152,1/2
1153,770
1154,4
1155,300
1156,5
1157,12
1158,1154
1159,2
1160,21
1161,9
1162,192
1163,50
1164,8575
1165,6
1166,6
1167,25
1168,48
1169,18
1170,12.5%
1171,900
1172,120
1173,100
1174,15
1175,98%
1176,5.6
1177,4
1178,6800
1179,234
1180,5
1181,2100
1182,24
1183,28
1184,185
1185,160
1186,3
1187,401
1188,130
1189,61
1190,500
1191,270
1192,270
1193,60000
1194,80
1195,4.875%
1196,15
1197,37.5
1198,132
1199,125.6
1200,162
1201,5
1202,190
1203,20%
1204,51.0
1205,7
1206,18
1207,60
1208,9
1209,6
1210,2.5
1211,33
1212,256
1213,62.5%
1214,60
1215,4
1216,60
1217,36
1218,24
1219,2500
1220,72.7%
1221,40
1222,3
1223,184.8
1224,18
1225,100
1226,942
1227,5120
1228,21
1229,150
1230,4
1231,4
1232,54
1233,64
1234,108
1235,4710
1236,2865
1237,85
1238,12
1239,22
1240,20%
1241,10
1242,480
1243,320
1244,153
1245,42000
1246,70
1247,89
1248,58
1249,180
1250,33
1251,45
1252,35
1253,16
1254,36
1255,8
1256,30
1257,38
1258,24
1259,16
1260,53
1261,22
1262,4
1263,39
1264,6
1265,45
1266,8
1267,13
1268,23
1269,18
1270,55
1271,53
1272,30
1273,26
1274,51
1275,12
1276,72
1277,5:30
1278,86
1279,30
1280,81
1281,51
1282,84
1283,24
1284,48
1285,31
1286,48
1287,35
1288,27
1289,48
1290,9
1291,30
1292,22
1293,10
1294,49
1295,12
1296,1
1297,3
1298,8
1299,6
1300,5
1301,20
1302,6
1303,5
1304,6
1305,6
1306,4
1307,5
1308,8
1309,9
1310,7
1311,12
1312,4
1313,32
1314,8
1315,10.5
1316,17
1317,7
1318,4
1319,6
1320,6
1321,6
1322,80
1323,29
1324,28
1325,48
1326,25
1327,13
1328,2
1329,7
1330,90-48=42
1331,6
1332,68
1333,17
1334,4
1335,30
1336,54
1337,20
1338,24
1339,5
1340,73
1341,24
1342,6
1343,6
1344,24
1345,84
1346,31
1347,33
1348,9
1349,17
1350,17
1351,16
1352,13
1353,28
1354,23
1355,125
1356,112
1357,75.36
1358,160
1359,700
1360,144
1361,1200
1362,20000
1363,5/9
1364,40
1365,2/5
1366,26
1367,5
1368,2712.5
1369,48
1370,36
1371,27
1372,325
1373,60
1374,43.8
1375,16/35
1376,4000
1377,668
1378,6
1379,2.34
1380,27
1381,5024
1382,300
1383,156
1384,460
1385,10.45
1386,15
1387,4
1388,150
1389,3.2
1390,32
1391,30
1392,48000
1393,9
1394,40
1395,16
1396,64
1397,90
1398,100
1399,840
1400,6
1401,180
1402,640
1403,60
1404,40
1405,7
1406,23
1407,49
1408,887
1409,125
1410,139
1411,50
1412,2000
1413,40
1414,240
1415,288
1416,29800
1417,3
1418,240
1419,30
1420,13/60
1421,23.4
1422,33.45
1423,5.8
1424,0.008
1425,9
1426,9
1427,4
1428,504
1429,9
1430,20.7
1431,24
1432,6
1433,148
1434,2.8
1435,44.7
1436,225
1437,264.76
1438,19.7
1439,72
1440,1
1441,9
1442,105
1443,86
1444,36
1445,20
1446,21150
1447,53
1448,0.15
1449,4
1450,44
1451,48
1452,216
1453,317
1454,36
1455,18
1456,169
1457,47
1458,26
1459,9
1460,3612
1461,560
1462,160
1463,50
1464,10
1465,310
1466,14
1467,484
1468,8
1469,1.1
1470,137
1471,40
1472,56
1473,44
1474,32
1475,9
1476,50
1477,9000
1478,45
1479,8
1480,0.6
1481,8288
1482,10
1483,5.4
1484,39/10
1485,4
1486,10
1487,33
1488,12
1489,56
1490,5
1491,17
1492,48
1493,6500
1494,32
1495,0.36
1496,5
1497,5
1498,8.46
1499,2370
1500,93.75
1501,4
1502,157
1503,40
1504,371
1505,28
1506,58
1507,32
1508,18.4
1509,1080
1510,945
1511,50
1512,2.56
1513,200
1514,60
1515,240
1516,72
1517,1.4
1518,13883
1519,18
1520,30
1521,48
1522,300
1523,6
1524,194
1525,21.6
1526,140
1527,3
1528,19.2
1529,780
1530,505
1531,32
1532,8
1533,1000
1534,6400
1535,1/2
1536,2.5
1537,24
1538,1/20
1539,200
1540,128
1541,150.72
1542,23
1543,180
1544,8
1545,400
1546,130
1547,20
1548,1
1549,11
1550,414
1551,35
1552,925
1553,3300
1554,12
1555,753.6
1556,21.984
1557,2.5
1558,4
1559,25
1560,1600
1561,15
1562,10
1563,75
1564,4
1565,50
1566,576
1567,12
1568,5760
1569,9.9
1570,3000
1571,3.2
1572,30.125
1573,5
1574,20
1575,56.52
1576,3015
1577,20.0
1578,200
1579,306
1580,125
1581,64
1582,125
1583,250
1584,312
1585,2000
1586,900
1587,60
1588,40
1589,2400
1590,73
1591,162
1592,96
1593,200
1594,75
1595,208
1596,5.2
1597,20%
1598,8
1599,140
1600,30
1601,40
1602,90
1603,800
1604,16
1605,40%
1606,1512
1607,24
1608,8
1609,50.24
1610,904.32
1611,9043.2
1612,800
1613,1200
1614,37.68
1615,50
1616,571
1617,100
1618,112.5
1619,344
1620,46
1621,90
1622,90.432
1623,120
1624,200
1625,359.4
1626,25
1627,2500
1628,1.75
1629,12
1630,2000
1631,10
1632,15
1633,7/3
1634,85
1635,2
1636,22
1637,108
1638,24
1639,2
1640,60
1641,15.36
1642,544
1643,720
1644,328.88
1645,25
1646,18.84
1647,1.5
1648,72
1649,36
1650,1770
1651,40
1652,20
1653,17
1654,94%
1655,628
1656,90
1657,1500
1658,47
1659,2
1660,82
1661,3
1662,3
1663,22
1664,3.2
1665,5
1666,44
1667,660
1668,625
1669,3.63
1670,1/2
1671,13035
1672,4400
1673,30
1674,60
1675,54
1676,3600
1677,3
1678,48
1679,5000
1680,70
1681,3200
1682,143
1683,480
1684,3.6
1685,60
1686,150
1687,540
1688,5000
1689,150
1690,1120
1691,160
1692,150
1693,50
1694,113.04
1695,480
1696,10.4
1697,5
1698,30
1699,8
1700,33
1701,25
1702,6.86
1703,1.0
1704,80/3
1705,0.25
1706,2/3
1707,13
1708,1000
1709,3.5
1710,512
1711,34
1712,660
1713,40.4
1714,600
1715,9
1716,6
1717,80
1718,12
1719,680
1720,7/7
1721,65.52
1722,120
1723,184
1724,197.82
1725,22
1726,230
1727,150.72
1728,12
1729,5400
1730,12/5
1731,5
1732,132
1733,37.5
1734,25
1735,36
1736,60
1737,130
1738,290
1739,448
1740,27
1741,60
1742,60
1743,1380
1744,150
1745,52
1746,120
1747,600
1748,16
1749,480
1750,114
1751,630
1752,8
1753,1.74
1754,25
1755,45
1756,6
1757,1200
1758,37.68
1759,200
1760,17
1761,192
1762,32.13
1763,375
1764,5
1765,60
1766,101
1767,12
1768,36
1769,8
1770,4
1771,180
1772,1300
1773,2000
1774,6.4
1775,400
1776,320
1777,25
1778,22520
1779,920
1780,50
1781,9
1782,1185
1783,1800
1784,68
1785,2
1786,9
1787,6
1788,1004
1789,6
1790,600
1791,250
1792,20
1793,11460
1794,5
1795,22
1796,5
1797,120
1798,24
1799,455
1800,4
1801,3/5
1802,3360
1803,10
1804,200
1805,942
1806,7200
1807,24
1808,80
1809,8
1810,660
1811,16
1812,138.16
1813,18
1814,7
1815,75
1816,11
1817,20
1818,180
1819,48
1820,7040
1821,9
1822,230
1823,10
1824,4791
1825,1120
1826,10
1827,5
1828,80
1829,226.08
1830,40
1831,3
1832,5
1833,5928
1834,276
1835,138.16
1836,10720
1837,4
1838,12
1839,2
1840,350
1841,2
1842,24
1843,4
1844,280
1845,40.82
1846,125
1847,686
1848,9.6
1849,3000
1850,818
1851,170.2
1852,45
1853,1035
1854,3
1855,12
1856,1200
1857,2250
1858,60
1859,126
1860,40
1861,2.9
1862,96
1863,12
1864,7
1865,4
1866,455
1867,5
1868,24
1869,6720
1870,630
1871,350
1872,5400
1873,7200
1874,1.5
1875,11
1876,24
1877,7
1878,105
1879,46
1880,4.71
1881,6.95
1882,6
1883,3888
1884,1088
1885,2
1886,8
1887,24
1888,1470
1889,5
1890,16
1891,52%
1892,54
1893,15.725
1894,112.5
1895,128
1896,4/30
1897,3
1898,60
1899,52
1900,9
1901,32
1902,36
1903,2.1
1904,3
1905,108
1906,420
1907,960
1908,27
1909,16.5
1910,33.75
1911,1469
1912,12
1913,9
1914,0.145
1915,108
1916,36
1917,11
1918,16
1919,96
1920,12
1921,668
1922,11
1923,5184
1924,12
1925,18
1926,12
1927,72
1928,3
1929,31.4
1930,20
1931,17
1932,10
1933,324
1934,710
1935,3
1936,1800
1937,34.65
1938,11
1939,40
1940,200
1941,4.2
1942,125.6
1943,1000
1944,31.7
1945,24
1946,1330
1947,175
1948,12
1949,25
1950,20%
1951,7
1952,6
1953,1.8
1954,4
1955,4900
1956,13.5
1957,217
1958,34.54
1959,47
1960,16
1961,0.08
1962,3740
1963,10
1964,38000
1965,4
1966,786
1967,280
1968,125.6
1969,9
1970,890
1971,4.1
1972,36
1973,2.03
1974,6
1975,43
1976,15
1977,75
1978,120
1979,7
1980,750
1981,11
1982,11.8
1983,30.4
1984,6
1985,36
1986,300
1987,3/4
1988,48
1989,2158
1990,201
1991,13
1992,1500
1993,422.5
1994,22
1995,4605
1996,26
1997,12
1998,35
1999,16
2000,12
2001,168
2002,6
2003,81
2004,80
2005,45
2006,245
2007,885
2008,900
2009,621
2010,5
2011,48
2012,1300
2013,0.5
2014,20
2015,240
2016,14
2017,2.4
2018,2
2019,200
2020,120
2021,96
2022,400
2023,400
2024,10
2025,11.4
2026,100
2027,20
2028,6
2029,5%
2030,25%
2031,4
2032,7
2033,56
2034,29760
2035,2300
2036,648
2037,360
2038,384
2039,1
2040,0.8
2041,12.56
2042,94.2
2043,6
2044,0.5
2045,5
2046,240
2047,10
2048,8
2049,20
2050,18
2051,1129
2052,72
2053,75.648
2054,20
2055,301.44
2056,27
2057,60
2058,1.8
2059,190000
2060,90
2061,42
2062,å¤Ÿ
2063,30.4
2064,24
2065,360
2066,10000
2067,160
2068,15.7
2069,315
2070,70
2071,270
2072,3
2073,96
2074,25
2075,56
2076,1600
2077,4
2078,400
2079,2000
2080,2.07
2081,22
2082,35
2083,12
2084,375
2085,80
2086,376.8
2087,54
2088,180
2089,1680
2090,120
2091,108
2092,30000
2093,900
2094,672
2095,17280
2096,628
2097,24
2098,7
2099,13
2100,660
2101,7000
2102,20
2103,16
2104,96
2105,24
2106,125.6
2107,48.8
2108,1560
2109,2544
2110,200
2111,4
2112,72
2113,19.488
2114,48
2115,622
2116,450
2117,200
2118,62.8
2119,84
2120,15
2121,88
2122,538.76
2123,28.26
2124,2.6
2125,1
2126,830
2127,99
2128,312
2129,90
2130,4.8
2131,300
2132,8
2133,3435
2134,5
2135,1318.8
2136,23
2137,7
2138,14
2139,12
2140,3.5
2141,4
2142,11
2143,11
2144,0.5
2145,9
2146,1296
2147,18
2148,11/12
2149,20
2150,565.2
2151,33.14
2152,8
2153,125.6
2154,693
2155,11
2156,10
2157,120
2158,15
2159,48.84
2160,1000
2161,480
2162,360
2163,60
2164,22
2165,35
2166,80
2167,110
2168,180
2169,1.7
2170,2
2171,5
2172,25%
2173,11181
2174,5
2175,12%
2176,65%
2177,3
2178,300
2179,40
2180,7850
2181,900
2182,715
2183,4
2184,2895
2185,70
2186,22
2187,441
2188,960
2189,3000
2190,100
2191,3
2192,21
2193,56
2194,2
2195,3400
2196,24
2197,0.03
2198,400
2199,12
2200,180
2201,160
2202,3600
2203,11400
2204,3
2205,5
2206,72
2207,30
2208,16
2209,200
2210,496
2211,47.5
2212,375
2213,6
2214,1.42
2215,6
2216,9
2217,276
2218,10
2219,19
2220,1091
2221,465
2222,490
2223,19
2224,28.35
2225,37.5
2226,6
2227,80
2228,10.89
2229,1150
2230,75.36
2231,5
2232,24
2233,3.6
2234,1.07
2235,2.28
2236,18
2237,87
2238,44
2239,3000
2240,1500
2241,225.75
2242,8
2243,5313
2244,45
2245,1.9
2246,6
2247,54
2248,4.5
2249,600
2250,1884
2251,96
2252,76
2253,20
2254,1440
2255,9
2256,60
2257,5750
2258,32
2259,5
2260,360
2261,16%
2262,22%
2263,3.9
2264,5
2265,100
2266,224
2267,22.5
2268,11
2269,8
2270,1.6
2271,160
2272,45.6
2273,72
2274,14
2275,120
2276,1176
2277,320
2278,100
2279,6.4
2280,45
2281,6720
2282,3500
2283,1190
2284,3780
2285,46
2286,100
2287,10
2288,10
2289,200
2290,100
2291,45
2292,45
2293,40
2294,63
2295,105.38
2296,72
2297,3
2298,6
2299,62.8
2300,60
2301,0.75
2302,120
2303,10
2304,75.36
2305,6
2306,12
2307,100
2308,14
2309,8
2310,8
2311,6
2312,2512
2313,1650
2314,2430
2315,7
2316,1248
2317,456
2318,1
2319,48
2320,90
2321,216
2322,128
2323,40
2324,75
2325,900
2326,400
2327,80
2328,570
2329,13
2330,75
2331,11
2332,2
2333,4200
2334,1.04
2335,300
2336,12
2337,5
2338,567
2339,2
2340,2
2341,1520
2342,12
2343,28
2344,1/8
2345,126
2346,52
2347,144
2348,48
2349,327
2350,1080
2351,42
2352,300
2353,12
2354,170
2355,600
2356,604
2357,12
2358,140
2359,3198
2360,61.25%
2361,13
2362,448
2363,8.8
2364,476
2365,390
2366,20
2367,3.14
2368,20
2369,4
2370,100
2371,7
2372,1.127
2373,113.04
2374,48
2375,32
2376,12
2377,17
2378,8
2379,2.2
2380,240
2381,24
2382,3
2383,1400
2384,760
2385,212
2386,105
2387,930
2388,15
2389,0.75
2390,300
2391,2
2392,210
2393,15
2394,1
2395,6
2396,150
2397,4
2398,253
2399,80%
2400,25.7
2401,48
2402,0.2
2403,8
2404,77
2405,28
2406,62
2407,3
2408,11
2409,18.84
2410,3
2411,47.1
2412,4
2413,4
2414,10h
2415,240
2416,12.56
2417,336
2418,72
2419,20
2420,150
2421,800
2422,7
2423,1/7
2424,3.03
2425,1620
2426,48
2427,8
2428,250
2429,9.6
2430,15
2431,28
2432,3
2433,3_1/3
2434,120
2435,12
2436,7.1
2437,44.8
2438,18
2439,10
2440,6
2441,53
2442,36
2443,28
2444,58
2445,5
2446,75
2447,40
2448,14
2449,110
2450,1650
2451,30
2452,50
2453,1884
2454,100
2455,23
2456,25%
2457,168
2458,25
2459,157.5625
2460,60
2461,5
2462,3
2463,49
2464,53.32
2465,180
2466,40.82
2467,6
2468,23
2469,3.2
2470,16
2471,34
2472,5
2473,1200
2474,60
2475,800
2476,25
2477,22
2478,25
2479,60
2480,15
2481,185
2482,21
2483,4
2484,12.56
2485,600
2486,15
2487,638
2488,50
2489,8
2490,12
2491,12
2492,12
2493,1
2494,81
2495,539
2496,25
2497,15600
2498,1/16
2499,50
2500,190
2501,155
2502,2000
2503,30
2504,75%
2505,20
2506,40/9
2507,28
2508,48
2509,60
2510,15000
2511,31.4
2512,7070
2513,75.36
2514,2.19
2515,50
2516,2.5
2517,20.32
2518,188.4
2519,2.5
2520,196.25
2521,5840
2522,31.4
2523,4
2524,12
2525,2400
2526,48
2527,384
2528,40
2529,66
2530,12
2531,4
2532,10
2533,148
2534,15
2535,18.84
2536,40
2537,216
2538,0.8
2539,63
2540,9
2541,8
2542,10
2543,2
2544,150
2545,27
2546,1000
2547,40
2548,500
2549,22
2550,4
2551,5
2552,120
2553,12.5%
2554,3
2555,1.5
2556,392
2557,1256
2558,9
2559,384
2560,36%
2561,180
2562,9.2
2563,30
2564,8
2565,216
2566,110
2567,90.432
2568,2
2569,680
2570,280
2571,3020
2572,8
2573,6
2574,20
2575,60
2576,4
2577,100
2578,18.84
2579,1764
2580,1600
2581,12
2582,12
2583,104
2584,5
2585,64
2586,50
2587,4
2588,34
2589,15
2590,2
2591,11
2592,60
2593,77
2594,120
2595,240
2596,210
2597,2.76
2598,43.2
2599,64
2600,125
2601,3360
2602,2700
2603,43.2
2604,160
2605,60
2606,15
2607,25
2608,6.4
2609,12
2610,216
2611,16
2612,1364
2613,225
2614,10
2615,11
2616,80
2617,1500
2618,390
2619,10
2620,93.75%
2621,0.8
2622,7/11
2623,17
2624,4
2625,34.54
2626,48
2627,300
2628,30%
2629,180
2630,360
2631,3
2632,4
2633,88
2634,9.8
2635,150
2636,8
2637,28.8
2638,20
2639,6
2640,9
2641,5
2642,4
2643,15
2644,15
2645,128
2646,46
2647,40
2648,160
2649,360
2650,4
2651,16
2652,4
2653,300
2654,300
2655,4.8
2656,750
2657,1.5
2658,6
2659,18.7
2660,37.68
2661,4
2662,20
2663,45
2664,150
2665,1776
2666,3
2667,95%
2668,240
2669,156
2670,4
2671,200
2672,3500
2673,21
2674,20
2675,35
2676,12
2677,2
2678,840
2679,925.6
2680,56
2681,11
2682,200
2683,30
2684,10
2685,2800
2686,15%
2687,10
2688,162
2689,4
2690,220
2691,6000
2692,75
2693,196
2694,4.9
2695,2
2696,113.04
2697,530
2698,3
2699,24
2700,11
2701,24
2702,1200
2703,100
2704,84
2705,200
2706,5
2707,6
2708,6
2709,6
2710,80
2711,13
2712,54.5
2713,720
2714,2
2715,370
2716,37.68
2717,220
2718,18
2719,25/12
2720,8400
2721,1512
2722,19200
2723,1873
2724,20400
2725,18
2726,15
2727,27
2728,2220
2729,10
2730,139
2731,810
2732,4.8
2733,200
2734,6
2735,30
2736,15
2737,1
2738,7
2739,10
2740,3
2741,10
2742,3
2743,980
2744,40
2745,45
2746,11
2747,24
2748,200
2749,512
2750,26
2751,17
2752,1000
2753,2
2754,14
2755,80
2756,1.26
2757,200
2758,72
2759,16
2760,2
2761,1260
2762,150
2763,438
2764,120
2765,20.8
2766,5
2767,9
2768,419
2769,2
2770,10
2771,176
2772,6
2773,20
2774,70
2775,24
2776,5
2777,82
2778,120
2779,250
2780,9_2/3
2781,33
2782,9
2783,10
2784,375
2785,7
2786,1400
2787,64
2788,240
2789,10.5
2790,7
2791,5
2792,36
2793,12
2794,10
2795,100
2796,52.4
2797,7
2798,6
2799,7
2800,8
2801,360
2802,7
2803,1000
2804,1008
2805,246
2806,45
2807,14
2808,10
2809,16
2810,150.72
2811,1344
2812,100
2813,3
2814,150.72
2815,0.5
2816,12
2817,3600
2818,49
2819,120
2820,3.14
2821,140
2822,480
2823,8
2824,5
2825,70
2826,3200
2827,3
2828,300
2829,24
2830,60
2831,17
2832,10
2833,48
2834,582
2835,6
2836,19
2837,960
2838,240
2839,40%
2840,48
2841,37
2842,30
2843,12
2844,200
2845,226.5
2846,15
2847,36
2848,54.312
2849,846
2850,8
2851,50.24
2852,3.6
2853,8
2854,21.6
2855,10%
2856,4
2857,28
2858,30
2859,10.5
2860,5500
2861,312
2862,7
2863,42
2864,10
2865,16
2866,10
2867,500
2868,47.1
2869,1000
2870,280
2871,3000
2872,1200
2873,4
2874,64
2875,750
2876,5
2877,25%
2878,910
2879,32
2880,5
2881,7200
2882,96%
2883,30
2884,10
2885,7.5
2886,35
2887,1256
2888,1440
2889,2512
2890,1610
2891,270
2892,6
2893,14
2894,290
2895,33.3%
2896,5
2897,213
2898,2330
2899,1375
2900,3
2901,527
2902,159
2903,9
2904,15
2905,132
2906,27
2907,1200
2908,50.24
2909,240
2910,3
2911,11
2912,505
2913,66
2914,4
2915,400
2916,15
2917,301.44
2918,45
2919,379
2920,200
2921,24
2922,8
2923,6600
2924,2
2925,8
2926,11600
2927,6
2928,333
2929,8
2930,1320
2931,16
2932,36
2933,20
2934,7
2935,157
2936,12.5
2937,78.5
2938,7
2939,10
2940,2700
2941,366
2942,1256
2943,48
2944,12
2945,150.72
2946,20
2947,62.8
2948,125
2949,820
2950,330
2951,3.27
2952,156
2953,45
2954,400
2955,1845
2956,6
2957,12
2958,45
2959,9
2960,8
2961,27
2962,40
2963,40
2964,1
2965,25
2966,24
2967,126
2968,60
2969,140
2970,18
2971,2.24
2972,330
2973,25
2974,0.6
2975,12
2976,8.8
2977,125.6
2978,176
2979,35
2980,32
2981,94.6%
2982,4
2983,1120
2984,4200
2985,365
2986,1.56
2987,4
2988,160
2989,15
2990,5.6
2991,1.6
2992,31.4
2993,13.6
2994,1400
2995,48
2996,200
2997,155
2998,18
2999,9
3000,200
3001,480
3002,88
3003,62.8
3004,0.34
3005,40
3006,27
3007,63
3008,126
3009,150.72
3010,87.92
3011,0.6
3012,28.26
3013,1287
3014,125.6
3015,500
3016,15
3017,200
3018,80
3019,108
3020,50
3021,10
3022,40
3023,150
3024,20
3025,100
3026,550
3027,1000
3028,12000
3029,15
3030,20
3031,4862
3032,12
3033,18
3034,8
3035,240
3036,140
3037,4
3038,15%
3039,2
3040,125.6
3041,1/4
3042,10
3043,9
3044,50
3045,15
3046,185
3047,1680
3048,8
3049,200
3050,3.4
3051,72
3052,30
3053,5
3054,35
3055,30
3056,400
3057,6
3058,434
3059,576
3060,125
3061,768
3062,48.8
3063,28.26
3064,20
3065,52
3066,1500
3067,54
3068,140
3069,3
3070,120
3071,3540
3072,33.3%
3073,70
3074,4.3
3075,1200
3076,20
3077,17600
3078,48
3079,45
3080,51
3081,280
3082,1256
3083,0.64
3084,12
3085,54
3086,1600
3087,20
3088,9
3089,66
3090,98.3%
3091,296
3092,21
3093,45
3094,94.7
3095,168.96
3096,65
3097,12
3098,157
3099,30
3100,2.34
3101,25/121
3102,98
3103,32
3104,18
3105,24
3106,72
3107,675
3108,40
3109,3
3110,2
3111,360
3112,192
3113,160
3114,430
3115,0.925
3116,600
3117,240
3118,64
3119,45
3120,113.04
3121,280
3122,600
3123,120
3124,120
3125,160
3126,250
3127,35
3128,5
3129,400
3130,3250
3131,44
3132,10
3133,9.5
3134,5024
3135,480
3136,127.8
3137,541
3138,640
3139,120
3140,95%
3141,6000
3142,25
3143,18
3144,8
3145,63.8
3146,5
3147,0.03
3148,1.5
3149,400
3150,21
3151,15
3152,12
3153,45
3154,12.8
3155,12
3156,24
3157,1.2
3158,30
3159,8
3160,1840
3161,112
3162,14400
3163,25%
3164,1.44
3165,64
3166,15
3167,26
3168,100
3169,7
3170,12
3171,40
3172,32
3173,12
3174,73
3175,36
3176,1500
3177,91
3178,624
3179,46
3180,972
3181,36.3
3182,6.6
3183,0.9
3184,720
3185,180
3186,5.5
3187,696
3188,645
3189,5
3190,72
3191,170
3192,418
3193,60
3194,720
3195,30
3196,52
3197,6400
3198,1800
3199,489
3200,70
3201,96
3202,3600
3203,60
3204,182
3205,7
3206,255
3207,71
3208,71
3209,70
3210,120
3211,2.34
3212,72
3213,8
3214,9
3215,75
3216,600
3217,800
3218,24
3219,130
3220,11
3221,4
3222,15
3223,280
3224,360
3225,225
3226,160
3227,3
3228,30
3229,8
3230,2520
3231,384
3232,360
3233,42
3234,38
3235,2712
3236,1236
3237,3250
3238,275
3239,10
3240,228
3241,9000
3242,1200
3243,1160
3244,1600
3245,50
3246,1820
3247,372
3248,1800
3249,1200
3250,280
3251,78
3252,300
3253,1200
3254,30
3255,6
3256,25
3257,3
3258,8
3259,4
3260,1698
3261,8
3262,75
3263,22
3264,3
3265,7
3266,9
3267,480
3268,35
3269,186
3270,225
3271,24
3272,25
3273,8
3274,75
3275,336
3276,180
3277,35
3278,305
3279,625
3280,784
3281,5000
3282,6
3283,118
3284,1208
3285,13
3286,10
3287,8
3288,53
3289,5400
3290,250
3291,112
3292,120
3293,13
3294,45
3295,29
3296,86
3297,200
3298,1000
3299,105
3300,13
3301,27
3302,236
3303,126
3304,99
3305,11
3306,447
3307,477
3308,103
3309,39
3310,112
3311,660
3312,84
3313,9
3314,31
3315,7
3316,63
3317,315
3318,362
3319,3
3320,220
3321,54
3322,605
3323,21
3324,7200
3325,60
3326,200
3327,8250
3328,1425
3329,32
3330,80
3331,90
3332,250
3333,2160
3334,420
3335,90
3336,197
3337,31
3338,448
3339,576
3340,200
3341,830
3342,95
3343,4
3344,113
3345,5
3346,100
3347,15
3348,2400
3349,180
3350,32
3351,13
3352,13
3353,48
3354,39
3355,2600
3356,784
3357,130
3358,60
3359,86
3360,550
3361,520
3362,204
3363,1260
3364,45
3365,28
3366,39
3367,300
3368,125
3369,5
3370,13500
3371,25200
3372,724
3373,300
3374,678
3375,200
3376,10
3377,910
3378,300
3379,256
3380,27
3381,1051
3382,105
3383,180
3384,1188
3385,84
3386,25
3387,15
3388,24
3389,25
3390,98
3391,432
3392,960
3393,60
3394,40
3395,130
3396,24
3397,25
3398,60
3399,100
3400,845
3401,90
3402,9
3403,62
3404,15
3405,46
3406,210
3407,20
3408,250
3409,20
3410,100
3411,6
3412,216
3413,4190
3414,200
3415,255
3416,5
3417,8
3418,16
3419,2190
3420,40
3421,132
3422,552
3423,5720
3424,15420
3425,6
3426,6240
3427,432
3428,45
3429,25
3430,3
3431,38
3432,3005
3433,8
3434,125
3435,33.64
3436,7
3437,15
3438,30
3439,81
3440,0.84
3441,480
3442,170
3443,935
3444,10950
3445,369
3446,600
3447,5
3448,60
3449,96
3450,1400
3451,220
3452,5200
3453,5
3454,79
3455,78
3456,12
3457,27.5
3458,10
3459,3
3460,60
3461,3.2
3462,15
3463,336
3464,5
3465,4
3466,180
3467,180
3468,78.1
3469,340
3470,2.4
3471,17
3472,12.8
3473,610
3474,60
3475,1500
3476,27.5
3477,25
3478,8
3479,600
3480,630
3481,2.5
3482,40
3483,6
3484,800
3485,64
3486,12
3487,72
3488,320
3489,150
3490,20
3491,1728
3492,15
3493,882
3494,100
3495,15
3496,4
3497,9
3498,2.5
3499,12
3500,6
3501,16
3502,48
3503,800
3504,4
3505,3120
3506,22
3507,60
3508,255
3509,3.2
3510,350
3511,420
3512,12
3513,750
3514,21.75
3515,5760
3516,388
3517,6
3518,25
3519,3500
3520,192
3521,8
3522,24
3523,6
3524,84
3525,550
3526,150
3527,200
3528,2
3529,8
3530,3.14
3531,15
3532,2.53
3533,364
3534,0.2
3535,5
3536,9
3537,6
3538,192
3539,336
3540,50
3541,2400
3542,12180
3543,2645
3544,6
3545,5
3546,10
3547,1496
3548,588
3549,2000
3550,8
3551,75
3552,15
3553,6050
3554,205
3555,720
3556,302
3557,11
3558,2500
3559,620
3560,344
3561,1400
3562,840
3563,9
3564,380
3565,173
3566,88
3567,1517
3568,1488
3569,2
3570,11
3571,6
3572,2
3573,35
3574,36
3575,880
3576,25
3577,20
3578,24
3579,26
3580,4860
3581,76
3582,73
3583,30
3584,405
3585,40
3586,50
3587,462
3588,6480
3589,46
3590,5250
3591,32
3592,12
3593,9
3594,1.2
3595,1840
3596,233
3597,8
3598,23
3599,8
3600,168
3601,8960
3602,74
3603,547
3604,1500
3605,640
3606,40
3607,15
3608,21
3609,6
3610,10
3611,30
3612,1478.4
3613,84
3614,945
3615,8
3616,528
3617,112
3618,2.56
3619,170
3620,246
3621,5
3622,450
3623,74
3624,25
3625,4040
3626,102
3627,128
3628,1080
3629,2100
3630,1200
3631,920
3632,900
3633,13000
3634,3850
3635,125
3636,140
3637,489
3638,14
3639,298
3640,31
3641,6
3642,108
3643,3120
3644,21.33
3645,24
3646,24
3647,2450
3648,3
3649,210
3650,20
3651,3
3652,48
3653,250
3654,162
3655,9
3656,183
3657,1035
3658,70
3659,1182
3660,24
3661,2700
3662,2.5
3663,81
3664,9
3665,301
3666,98
3667,420
3668,800
3669,492
3670,3066
3671,1500
3672,13
3673,100
3674,4.3
3675,704
3676,4200
3677,120
3678,2.5
3679,5940
3680,1680
3681,1200
3682,24
3683,6
3684,9
3685,268
3686,1536
3687,400
3688,1000
3689,384
3690,180
3691,20
3692,10
3693,38
3694,1118
3695,504
3696,40
3697,2
3698,9500
3699,125
3700,1632
3701,240
3702,880
3703,5
3704,1350
3705,5
3706,4500
3707,360
3708,15
3709,54
3710,6
3711,84
3712,18100
3713,6
3714,240
3715,570
3716,10000
3717,485
3718,13
3719,684
3720,13
3721,318
3722,655
3723,72
3724,15675
3725,7
3726,40
3727,300
3728,12
3729,30
3730,1075
3731,84
3732,320
3733,13
3734,534
3735,300
3736,107
3737,3760
3738,608
3739,14000
3740,429
3741,600
3742,784
3743,4930
3744,160
3745,450
3746,212
3747,7
3748,300
3749,10
3750,2464
3751,120
3752,100
3753,288
3754,1056
3755,720
3756,21
3757,52
3758,3360
3759,5000
3760,3600
3761,104
3762,76
3763,3
3764,0.36
3765,11
3766,10
3767,2210
3768,300
3769,4
3770,49
3771,2160
3772,108
3773,6
3774,630
3775,11
3776,20000
3777,5
3778,76425
3779,1.5
3780,552
3781,14.4
3782,11
3783,175
3784,96
3785,16
3786,24300
3787,68
3788,216
3789,523
3790,0.65
3791,3430
3792,126
3793,65
3794,200
3795,93.6
3796,120
3797,18
3798,108
3799,1308
3800,1100
3801,58.8
3802,7670
3803,4
3804,15
3805,84
3806,1663
3807,5000
3808,54
3809,7
3810,180
3811,144
3812,60
3813,45
3814,900
3815,40
3816,403
3817,25
3818,45
3819,36
3820,26300
3821,40
3822,36
3823,15
3824,120
3825,5
3826,36
3827,15
3828,2880
3829,1770
3830,400
3831,57.6
3832,11200
3833,14
3834,2700
3835,60
3836,768
3837,14
3838,45
3839,300
3840,81
3841,1232
3842,192
3843,1096
3844,1
3845,7
3846,7
3847,576
3848,15
3849,6750
3850,105
3851,256
3852,2.5
3853,54
3854,2520
3855,100
3856,384
3857,216
3858,455
3859,750
3860,960
3861,96
3862,140
3863,1440
3864,468
3865,3900
3866,1680
3867,375
3868,368
3869,5000
3870,13
3871,40
3872,24
3873,10080
3874,15
3875,5760
3876,54
3877,120
3878,594
3879,500
3880,6.552
3881,2
3882,30
3883,13
3884,29
3885,5
3886,72
3887,0.5
3888,8
3889,1200
3890,144
3891,80
3892,1.82
3893,108
3894,3
3895,24
3896,270
3897,3
3898,12
3899,20
3900,5
3901,12
3902,38
3903,2400
3904,2
3905,6
3906,144
3907,168
3908,10
3909,0.36
3910,410
3911,6
3912,91
3913,140
3914,18414
3915,8000
3916,630
3917,20
3918,3360
3919,312
3920,80
3921,710
3922,2100
3923,15
3924,950
3925,2
3926,8
3927,720
3928,225
3929,220
3930,125
3931,4.08
3932,300
3933,220
3934,71
3935,25
3936,1600
3937,45
3938,641
3939,1080
3940,396
3941,1247
3942,5
3943,816
3944,21.6
3945,6
3946,180
3947,4
3948,300
3949,4
3950,745
3951,420
3952,4
3953,76.2
3954,462
3955,1600
3956,714
3957,12
3958,6
3959,36
3960,50
3961,81
3962,48
3963,375
3964,443
3965,120
3966,50
3967,5
3968,248
3969,15
3970,40
3971,80
3972,245
3973,372
3974,60
3975,41
3976,7
3977,10
3978,35
3979,12
3980,20
3981,1296
3982,10
3983,180
3984,85
3985,1650
3986,51
3987,4
3988,288
3989,40
3990,3720
3991,16
3992,3060
3993,70
3994,1200
3995,13
3996,18
3997,46
3998,60
3999,13
4000,51
4001,21
4002,1485
4003,1744
4004,2732
4005,48
4006,114
4007,21
4008,120
4009,156
4010,440
4011,16
4012,216
4013,10
4014,135
4015,50
4016,20
4017,100
4018,9.2
4019,17.4
4020,26
4021,2.4
4022,8
4023,340
4024,40
4025,1200
4026,3004
4027,8
4028,2000
4029,4
4030,400
4031,18
4032,200
4033,960
4034,47
4035,28
4036,4
4037,168
4038,850
4039,163.9
4040,35.5
4041,500
4042,100
4043,800
4044,12
4045,640
4046,2400
4047,28900
4048,88
4049,360
4050,168
4051,4
4052,150
4053,11
4054,0.72
4055,126
4056,10
4057,250
4058,216
4059,28
4060,200
4061,2200
4062,2880
4063,645
4064,4
4065,200
4066,142
4067,360
4068,18
4069,1008
4070,13.6
4071,2500
4072,65
4073,352
4074,1400
4075,1820
4076,30
4077,6
4078,10
4079,250
4080,6
4081,104
4082,600
4083,1734
4084,12
4085,1960
4086,123
4087,1442
4088,1200
4089,10
4090,48
4091,930
4092,54.5
4093,20
4094,10800
4095,3284
4096,2.5
4097,3
4098,198
4099,2040
4100,47
4101,425
4102,1600
4103,50
4104,27
4105,1504
4106,44
4107,576
4108,160
4109,9.3
4110,8
4111,6/5
4112,5
4113,37
4114,4030
4115,90
4116,8
4117,12
4118,12
4119,690
4120,24
4121,5
4122,40
4123,9
4124,12
4125,40
4126,180000
4127,1025
4128,98
4129,75
4130,85
4131,742
4132,1015
4133,26.2
4134,130
4135,16
4136,456
4137,6
4138,15
4139,16
4140,46
4141,80
4142,720
4143,90
4144,1112
4145,40
4146,57
4147,17
4148,12
4149,1163
4150,224
4151,100
4152,5
4153,4536
4154,519
4155,2.2
4156,35
4157,424
4158,28
4159,21
4160,118
4161,320
4162,3.14
4163,4160
4164,96
4165,360
4166,52
4167,260
4168,16
4169,15
4170,8
4171,18.375
4172,345.6
4173,288
4174,216
4175,3025
4176,24
4177,304
4178,235.52
4179,10.5
4180,80
4181,120
4182,2.5
4183,163
4184,248
4185,17.9
4186,15
4187,144
4188,5
4189,4
4190,48
4191,502.4
4192,250
4193,4
4194,60%
4195,56.52
4196,20
4197,216
4198,50.24
4199,27
4200,480
4201,9
4202,130%
4203,48
4204,3.14
4205,22500
4206,14
4207,830
4208,131
4209,505
4210,10
4211,14
4212,54
4213,30
4214,260
4215,30
4216,8
4217,60
4218,75
4219,1050
4220,10
4221,120
4222,40
4223,384
4224,5
4225,408.2
4226,40
4227,240
4228,3
4229,188.4
4230,54
4231,28
4232,2.54
4233,12.5%
4234,30.72
4235,42
4236,28
4237,3600
4238,4
4239,73
4240,90
4241,30
4242,60
4243,200
4244,64
4245,640
4246,700
4247,48
4248,640
4249,3
4250,5.5
4251,33
4252,900
4253,1.3
4254,15.2
4255,2.5
4256,3.4
4257,15
4258,180
4259,40
4260,12
4261,548
4262,48
4263,768
4264,240
4265,8
4266,0.9
4267,46
4268,78
4269,12.56
4270,4
4271,22
4272,24
4273,63
4274,48
4275,540
4276,192
4277,140
4278,30
4279,5552
4280,304
4281,50.24
4282,120
4283,45
4284,27
4285,900
4286,19
4287,2700
4288,84
4289,48960
4290,160
4291,12
4292,11
4293,5135
4294,750
4295,144
4296,64
4297,222
4298,163
4299,40
4300,11
4301,16
4302,1440
4303,175
4304,260
4305,75
4306,21
4307,4
4308,6
4309,1000
4310,60
4311,3100
4312,30
4313,216
4314,20%
4315,11%
4316,882
4317,210
4318,500
4319,19
4320,143
4321,4
4322,255
4323,24
4324,9
4325,78.4
4326,51.26
4327,2
4328,40
4329,0.75
4330,32
4331,9825
4332,15
4333,288
4334,339
4335,100
4336,240
4337,68
4338,48
4339,4
4340,8.2%
4341,510
4342,450
4343,1200
4344,120
4345,29.1
4346,40%
4347,14.6
4348,16.7%
4349,6.5
4350,4
4351,80
4352,6
4353,16
4354,2.5
4355,2.6
4356,4
4357,80
4358,1.3
4359,9
4360,40
4361,2
4362,2
4363,12
4364,600
4365,30
4366,140
4367,46/15
4368,1200
4369,220
4370,36
4371,100.625
4372,40
4373,15
4374,5
4375,11/10
4376,52
4377,99
4378,150
4379,18
4380,157.724
4381,102
4382,7.2
4383,45.0
4384,198
4385,12
4386,5
4387,1
4388,300
4389,30
4390,400
4391,224
4392,4.5
4393,3
4394,17
4395,6400
4396,6400
4397,3000
4398,6
4399,4
4400,10
4401,2000
4402,48
4403,10
4404,150
4405,20
4406,30
4407,16.8
4408,11
4409,5
4410,12
4411,1.8
4412,32
4413,366
4414,306
4415,3.5
4416,50
4417,80
4418,1000
4419,270
4420,7
4421,75
4422,12.666...
4423,10
4424,1125
4425,300
4426,12600
4427,12.6
4428,150.72
4429,12.56
4430,30.144
4431,16
4432,2/3
4433,48
4434,2
4435,800
4436,100
4437,99
4438,12.56
4439,3.14
4440,10
4441,1400
4442,4%
4443,2826
4444,220
4445,30
4446,18
4447,144
4448,31.4
4449,157
4450,28.26
4451,2.4
4452,62.8
4453,8
4454,2160
4455,18
4456,9450
4457,28
4458,5
4459,105
4460,180
4461,157.296
4462,180
4463,21.12
4464,50.24
4465,28.26
4466,3.14
4467,154.76
4468,90
4469,840
4470,2400
4471,675
4472,113.04
4473,0.2
4474,34600
4475,100.48
4476,8
4477,10
4478,1200
4479,480
4480,300
4481,420
4482,75.36
4483,366
4484,160
4485,150
4486,460
4487,28
4488,4
4489,50.24
4490,100.53
4491,2.5
4492,62.8
4493,5.5
4494,3000
4495,12
4496,17.28
4497,18
4498,172.7
4499,40
4500,118
4501,168
4502,5
4503,360
4504,75.36
4505,25%
4506,28.26
4507,12.56
4508,11.29
4509,8416
4510,25
4511,14
4512,12
4513,7
4514,6
4515,40
4516,12.56
4517,328
4518,75.36
4519,34
4520,2/3
4521,45
4522,5100
4523,3.14
4524,17.5176
4525,3.465
4526,288.24
4527,384
4528,400
4529,480
4530,6
4531,150
4532,5000
4533,7
4534,40
4535,40
4536,135
4537,360
4538,5
4539,686
4540,2200
4541,4
4542,904.32
4543,28.26
4544,18.84
4545,121.5
4546,480
4547,40
4548,240
4549,562
4550,31.4
4551,25%
4552,8.792
4553,48
4554,3.25
4555,18
4556,159.36
4557,141.3
4558,126
4559,30
4560,1
4561,12.56
4562,5.4
4563,24
4564,5.5
4565,3000
4566,250
4567,34.55
4568,314
4569,98.8%
4570,1
4571,125.6
4572,2
4573,75.36
4574,40
4575,9
4576,7
4577,2073.6
4578,251.2
4579,4.54
4580,4_1/5
4581,18.84
4582,60
4583,8.0384
4584,6
4585,12.56
4586,12.56
4587,4/5
4588,800
4589,1400
4590,30
4591,16
4592,48
4593,1884
4594,13
4595,4
4596,60/7
4597,60/7
4598,14
4599,147
4600,2198
4601,125.6
4602,60
4603,200
4604,1.0048
4605,3.14
4606,111.277968254
4607,53.736
4608,3/4
4609,4375
4610,75
4611,157.76
4612,19.625
4613,175.76
4614,15
4615,3.14
4616,0.1
4617,11177.6
4618,240
4619,125.6
4620,12.56
4621,81.75%
4622,12
4623,750
4624,2.7
4625,450
4626,20
4627,21.57
4628,120
4629,10
4630,31.6
4631,4500
4632,72.96
4633,24
4634,19
4635,17
4636,50
4637,11.2
4638,100
4639,28
4640,47
4641,0.5576
4642,2.512
4643,21.198
4644,5100
4645,636
4646,10
4647,48
4648,4
4649,65
4650,43.96
4651,9
4652,300
4653,43.7
4654,1000
4655,0.5
4656,1890
4657,144
4658,15
4659,3.6
4660,39.265
4661,153
4662,1720
4663,30
4664,4
4665,125.6
4666,53
4667,21.1987
4668,10
4669,7853.6
4670,40
4671,251.2
4672,52
4673,240
4674,56
4675,2
4676,125.6
4677,16%
4678,22.15
4679,1256
4680,54
4681,31/56
4682,33.3%
4683,14
4684,942
4685,2
4686,1.5
4687,240
4688,900
4689,0.05
4690,3.2
4691,10
4692,75
4693,87.92
4694,31.4
4695,153.84
4696,70
4697,0.0138
4698,65
4699,50
4700,7736
4701,48.8
4702,1.5
4703,3
4704,5
4705,20
4706,3000
4707,42
4708,489
4709,52
4710,25%
4711,210
4712,314
4713,11
4714,75.36
4715,0.24
4716,6.28
4717,28.26
4718,720
4719,112.6
4720,1/5
4721,562
4722,894
4723,2100
4724,47.1
4725,37.68
4726,27
4727,63
4728,78.5
4729,75
4730,20
4731,240
4732,1500
4733,36
4734,11400
4735,53.38
4736,80
4737,15
4738,1500
4739,1600
4740,25.12
4741,45.42;43.96
4742,2.25
4743,37.68
4744,642
4745,3140
4746,15
4747,44
4748,803.84
4749,235.52
4750,360
4751,24
4752,2.512
4753,601
4754,240
4755,6300
4756,62.8
4757,54
4758,10
4759,13333
4760,21.592
4761,3
4762,2.34
4763,200
4764,202
4765,40
4766,1884
4767,1256
4768,10
4769,40.82
4770,62.8
4771,10.53
4772,12.627
4773,210
4774,24
4775,5
4776,219.8
4777,28.26
4778,20%
4779,18.84
4780,6.28
4781,157.76336
4782,62.8
4783,192
4784,476
4785,1962.5
4786,600
4787,300
4788,6
4789,2.54
4790,30
4791,2590
4792,53.54
4793,12560
4794,60
4795,40.82
4796,2826
4797,75.36
4798,15
4799,56.52
4800,157
4801,12.56
4802,4.48
4803,8
4804,15
4805,533.6
4806,65.1
4807,94.2
4808,87
4809,40198.4
4810,113.04
4811,942
4812,125.6
4813,250
4814,200
4815,48
4816,36%
4817,1/40
4818,25
4819,2170
4820,3
4821,150.72
4822,3.45856
4823,35.35
4824,10.22
4825,200
4826,6
4827,920
4828,36.54
4829,154
4830,900
4831,2826
4832,440
4833,9
4834,1130.4
4835,80
4836,3.5
4837,10.0864
4838,25
4839,18.84
4840,12
4841,20
4842,180
4843,51.1
4844,40
4845,600
4846,8
4847,4
4848,696
4849,288
4850,4
4851,5
4852,75
4853,353
4854,4/15
4855,48
4856,180
4857,3000
4858,46
4859,1/30
4860,15
4861,157
4862,12.56
4863,0.75
4864,1.2
4865,12.56
4866,15
4867,6
4868,153
4869,45
4870,70
4871,40/9
4872,50
4873,502.4
4874,3016
4875,502.4
4876,314
4877,502.4
4878,48000
4879,12/5
4880,56.52
4881,8
4882,20
4883,1/5
4884,20
4885,240
4886,18
4887,12
4888,23
4889,14
4890,3
4891,50
4892,200
4893,1200
4894,40
4895,6
4896,25
4897,30
4898,4
4899,10
4900,60
4901,18
4902,28
4903,896
4904,21.98
4905,40.82
4906,20
4907,2.5
4908,40
4909,76
4910,12
4911,113.04
4912,7
4913,6
4914,5
4915,57
4916,29.7
4917,48
4918,3
4919,400
4920,24
4921,519
4922,17
4923,5
4924,30/7
4925,27
4926,500
4927,162
4928,480
4929,5
4930,60
4931,45
4932,50
4933,2.56
4934,31.5
4935,12
4936,30
4937,15
4938,8
4939,15/7
4940,28
4941,1
4942,8
4943,80
4944,66.5
4945,40/7
4946,1/12
4947,196
4948,6
4949,9
4950,22
4951,40
4952,30
4953,26
4954,1280
4955,1/5
4956,76
4957,13
4958,4
4959,50.24
4960,40.82
4961,60
4962,14%
4963,20
4964,1.4
4965,75
4966,83
4967,170
4968,52
4969,62
4970,72
4971,45
4972,68
4973,43
4974,18
4975,63
4976,21
4977,18
4978,17
4979,7
4980,56
4981,9
4982,84
4983,56
4984,53
4985,18
4986,16
4987,24
4988,27
4989,12
4990,35
4991,18
4992,4
4993,5
4994,6
4995,28
4996,3
4997,24
4998,94
4999,9
5000,36
5001,27
5002,32
5003,60
5004,88
5005,125
5006,34
5007,23
5008,8
5009,3
5010,61
5011,47
5012,8
5013,5
5014,7
5015,2
5016,6
5017,6
5018,26
5019,8
5020,8
5021,28
5022,47
5023,6
5024,9
5025,47
5026,81
5027,19
5028,28
5029,20
5030,20
5031,46
5032,44
5033,27
5034,17
5035,10
5036,2
5037,11
5038,38
5039,50
5040,8
5041,4
5042,25
5043,31
5044,42
5045,19
5046,3
5047,6
5048,9
5049,18
5050,13
5051,53
5052,9
5053,25
5054,31
5055,111
5056,35
5057,80
5058,56
5059,26
5060,81
5061,4
5062,55
5063,55
5064,6
5065,18
5066,10
5067,89
5068,97
5069,80
5070,3
5071,51
5072,88
5073,16
5074,24
5075,57
5076,26
5077,8
5078,42
5079,7
5080,27
5081,30
5082,32
5083,16
5084,6
5085,56
5086,32
5087,24
5088,21
5089,33
5090,32
5091,17
5092,24
5093,23
5094,8
5095,6
5096,8
5097,16
5098,15
5099,18
5100,8
5101,18
5102,6
5103,15
5104,213
5105,18
5106,33
5107,7
5108,19
5109,20
5110,82
5111,21
5112,8
5113,27
5114,48
5115,125
5116,5
5117,60
5118,220.736
5119,64
5120,13
5121,3200
5122,1200
5123,6
5124,5760
5125,47
5126,44
5127,23
5128,140
5129,5
5130,8
5131,600
5132,254
5133,36
5134,270
5135,30
5136,2.1
5137,12
5138,15
5139,314
5140,157.536
5141,25
5142,5.25
5143,1590
5144,4
5145,2
5146,160
5147,500
5148,301.44
5149,77
5150,1176
5151,73
5152,1400
5153,45.4
5154,14.13
5155,4740
5156,89.5
5157,45
5158,500
5159,240
5160,40
5161,270
5162,252
5163,31
5164,8000
5165,20
5166,64
5167,270
5168,18
5169,1256
5170,323
5171,12.56
5172,0.99
5173,1500
5174,6
5175,30
5176,36
5177,12
5178,100.48
5179,22500
5180,56
5181,1.2
5182,5200
5183,60
5184,35
5185,2
5186,2100
5187,1260
5188,0.014
5189,130000
5190,5
5191,15
5192,48
5193,11
5194,112
5195,360
5196,85
5197,202
5198,8
5199,9
5200,960
5201,0.048
5202,36
5203,14
5204,36
5205,36.3
5206,5
5207,660
5208,8
5209,1.28
5210,70
5211,20
5212,1935
5213,60
5214,50
5215,2.5
5216,8
5217,35.16
5218,39
5219,78.5
5220,360
5221,8
5222,400
5223,80
5224,400
5225,42
5226,125
5227,7
5228,48
5229,1200
5230,47.1
5231,12
5232,26.7
5233,40
5234,3360
5235,20160
5236,979.2
5237,3.14
5238,24
5239,27
5240,5
5241,2300
5242,600
5243,78.5
5244,5760
5245,64
5246,45
5247,26
5248,100
5249,24
5250,7
5251,12
5252,40
5253,32
5254,14
5255,72
5256,6.6
5257,12
5258,33
5259,100
5260,33
5261,1000
5262,112
5263,505
5264,0.3
5265,22
5266,8
5267,116.25
5268,3090
5269,14
5270,16
5271,10
5272,6
5273,35
5274,900
5275,72
5276,200
5277,92.8
5278,48%
5279,4560
5280,12
5281,3.2
5282,72
5283,1470
5284,80
5285,111.24
5286,125.6
5287,30
5288,15
5289,3
5290,80
5291,30
5292,12387
5293,751
5294,1
5295,384
5296,20
5297,3
5298,13.5
5299,15
5300,25.2
5301,800
5302,150
5303,7.5
5304,40
5305,252
5306,30
5307,44
5308,380
5309,400
5310,55
5311,10.8
5312,12
5313,20
5314,27
5315,4
5316,270
5317,20
5318,160
5319,360
5320,2900
5321,36
5322,48
5323,18.84
5324,53.385
5325,300
5326,50
5327,48
5328,200
5329,20000
5330,500
5331,48
5332,1
5333,153
5334,36
5335,7200
5336,180
5337,211.5
5338,52
5339,50
5340,1120
5341,6000
5342,50
5343,384
5344,75.36
5345,565.2
5346,10
5347,120
5348,12
5349,250
5350,1920
5351,1200
5352,207
5353,2600
5354,12
5355,800
5356,20
5357,560
5358,10
5359,4000
5360,1.75
5361,7
5362,2
5363,160
5364,10
5365,50
5366,8000
5367,10
5368,1507.2
5369,0.785
5370,216
5371,3
5372,50000
5373,1080
5374,16
5375,25
5376,60
5377,350
5378,2310
5379,200
5380,2.4
5381,40
5382,125
5383,1112
5384,90
5385,75
5386,23
5387,480
5388,3
5389,37
5390,6
5391,63
5392,2.8
5393,33
5394,8
5395,154
5396,300
5397,20000
5398,189
5399,70
5400,2450
5401,500
5402,14
5403,69
5404,27
5405,3.6
5406,180.8
5407,200
5408,2100
5409,125
5410,30
5411,38
5412,13.6
5413,89
5414,502.5
5415,115.71
5416,112
5417,504
5418,480
5419,2040
5420,440
5421,2.5
5422,10
5423,18
5424,2.24
5425,3
5426,60
5427,50
5428,60
5429,900
5430,52
5431,48
5432,800
5433,230
5434,1000000
5435,400
5436,480
5437,3
5438,4800
5439,2
5440,512
5441,12
5442,75
5443,66
5444,32
5445,0.2
5446,38
5447,2.9
5448,2.7
5449,1.5
5450,0.1
5451,110
5452,28.296
5453,1450
5454,240
5455,24
5456,1.6
5457,67200
5458,314
5459,125
5460,300
5461,25.12
5462,38.4
5463,540
5464,5
5465,160
5466,12
5467,3
5468,1.6
5469,25.5
5470,100
5471,1260
5472,18
5473,180
5474,30
5475,5
5476,0.2
5477,24
5478,4000
5479,18000
5480,7200
5481,14
5482,9
5483,2.5
5484,2
5485,15
5486,80
5487,266
5488,121
5489,20
5490,45
5491,10
5492,2
5493,53
5494,220.5
5495,49
5496,10
5497,4
5498,1325
5499,37.5
5500,8
5501,88
5502,15
5503,1260
5504,560
5505,35
5506,3
5507,3000
5508,325
5509,240
5510,3
5511,480
5512,32
5513,7
5514,70
5515,7.5
5516,5000
5517,1200
5518,280
5519,6135
5520,64
5521,115
5522,7.5
5523,1920
5524,35
5525,6.25
5526,420
5527,110
5528,29.2
5529,1830
5530,55
5531,3000
5532,5325
5533,48
5534,5
5535,5.7
5536,5400
5537,525
5538,12.7
5539,90
5540,75
5541,90
5542,54
5543,58
5544,11
5545,24
5546,34.5
5547,73
5548,4.4
5549,240
5550,1800
5551,648
5552,1680
5553,15
5554,3
5555,3300
5556,90
5557,50
5558,3
5559,12
5560,24
5561,300
5562,36000
5563,600
5564,12
5565,30
5566,5
5567,30
5568,8
5569,60
5570,46
5571,30
5572,178
5573,15000
5574,160
5575,12
5576,12
5577,75.36
5578,6.25
5579,140
5580,40.32
5581,32
5582,150.6
5583,140
5584,120
5585,12
5586,70
5587,430
5588,60
5589,34
5590,2.6
5591,2400
5592,705
5593,1080
5594,10
5595,144
5596,405
5597,84
5598,7
5599,1260
5600,520
5601,3750
5602,210
5603,2.3
5604,40
5605,150
5606,7550
5607,47
5608,132
5609,1400
5610,153
5611,88
5612,1800
5613,7.5
5614,29
5615,188.4
5616,157
5617,5040
5618,4.5
5619,245.9
5620,1500
5621,2512
5622,47.1
5623,2
5624,160
5625,24
5626,27600
5627,300
5628,24
5629,288
5630,250
5631,1205
5632,44
5633,330
5634,20
5635,68.55
5636,600
5637,3315
5638,30
5639,6
5640,12.5
5641,223.8
5642,2520
5643,24
5644,9.1
5645,200
5646,6
5647,56.52
5648,90
5649,120
5650,120
5651,56.52
5652,480
5653,400
5654,2
5655,75
5656,100
5657,3.5
5658,217
5659,1.25
5660,1800
5661,60
5662,80
5663,1.25
5664,2
5665,400
5666,30
5667,140
5668,30
5669,4
5670,500
5671,2
5672,300
5673,60
5674,480
5675,282.6
5676,1031.25
5677,20
5678,46
5679,1550
5680,500
5681,4940.5
5682,31.4
5683,62.8
5684,6
5685,188.4
5686,25
5687,686
5688,1507.2
5689,2250
5690,37.5
5691,2400
5692,13
5693,414
5694,120
5695,700
5696,1575
5697,1600
5698,16
5699,36
5700,8.792
5701,5
5702,45
5703,10
5704,140
5705,80
5706,73.4
5707,500
5708,209
5709,13910
5710,19.11
5711,36
5712,32
5713,1600
5714,1.1
5715,13816
5716,117
5717,8
5718,180
5719,6
5720,945
5721,37.68
5722,50
5723,4
5724,810
5725,90
5726,2.7
5727,360
5728,4.5
5729,16
5730,9
5731,480
5732,672
5733,112.8
5734,5702
5735,13
5736,471.02
5737,425
5738,3430
5739,1800
5740,8
5741,6.4
5742,10
5743,50
5744,590
5745,30
5746,200
5747,12
5748,2000
5749,28.26
5750,702
5751,332
5752,320
5753,330
5754,232
5755,135
5756,142
5757,23
5758,160
5759,24
5760,40
5761,0.75
5762,150
5763,64
5764,36
5765,2
5766,1760
5767,28.8
5768,480
5769,230
5770,25
5771,200
5772,22.5
5773,600
5774,24
5775,350
5776,100
5777,200
5778,32
5779,10
5780,36
5781,6
5782,192
5783,5
5784,30
5785,2000
5786,140
5787,44
5788,112750
5789,200
5790,99
5791,24
5792,8720
5793,9270
5794,200
5795,81
5796,420
5797,6
5798,396
5799,18.36
5800,726
5801,8
5802,250
5803,160.8
5804,30
5805,2.5
5806,40
5807,427.1
5808,40
5809,81
5810,12
5811,1.2
5812,19
5813,635
5814,238
5815,20
5816,150
5817,121
5818,2.5
5819,150
5820,24
5821,36
5822,6
5823,36
5824,32
5825,4
5826,4
5827,3
5828,144
5829,23810
5830,2550
5831,1600
5832,18600
5833,4
5834,500
5835,1500
5836,62.8
5837,5
5838,4.71
5839,75.36
5840,16
5841,12
5842,300
5843,1.2
5844,107
5845,71
5846,71
5847,440
5848,127.5
5849,4.58
5850,6
5851,79.2
5852,29
5853,9408
5854,8
5855,1016.67
5856,9500
5857,2000
5858,3510
5859,24
5860,8
5861,0.8
5862,126.1
5863,325
5864,42
5865,1
5866,450
5867,3.5
5868,15/8
5869,2.67
5870,15
5871,40
5872,308
5873,0.4
5874,50
5875,500
5876,16
5877,72
5878,0.5
5879,450
5880,24
5881,501
5882,24
5883,499
5884,18
5885,100
5886,13.8
5887,7
5888,4500
5889,56
5890,34
5891,90
5892,41
5893,37.8
5894,2000
5895,32
5896,750
5897,1.1
5898,5256
5899,8
5900,4
5901,6
5902,60
5903,3.75
5904,14160
5905,184
5906,40
5907,9
5908,21
5909,7
5910,47
5911,9
5912,16
5913,33
5914,25
5915,8
5916,3
5917,6
5918,50
5919,60
5920,46
5921,8
5922,8
5923,18
5924,43
5925,42
5926,36
5927,8
5928,694
5929,1311
5930,6
5931,800
5932,6
5933,72
5934,42
5935,2
5936,32
5937,8
5938,6
5939,35
5940,12
5941,20
5942,10
5943,15
5944,15
5945,1
5946,10
5947,36
5948,46
5949,56
5950,3
5951,4
5952,12
5953,11
5954,9
5955,42
5956,21
5957,32
5958,82
5959,44
5960,20
5961,52
5962,18
5963,36
5964,33
5965,24
5966,16
5967,53
5968,41
5969,3
5970,62
5971,53
5972,4
5973,3
5974,5
5975,6
5976,28
5977,3
5978,2
5979,12
5980,3
5981,37
5982,9
5983,4
5984,22
5985,60
5986,15
5987,34
5988,17
5989,27
5990,10
5991,4
5992,10
5993,18
5994,18
5995,20
5996,6
5997,4
5998,8
5999,5
6000,7
6001,21
6002,6
6003,6
6004,26
6005,27
6006,6
6007,9
6008,47
6009,81
6010,19
6011,28
6012,20
6013,20
6014,46
6015,44
6016,27
6017,8
6018,4
6019,25
6020,31
6021,42
6022,19
6023,3
6024,6
6025,12
6026,18
6027,13
6028,53
6029,11
6030,25
6031,31
6032,91
6033,35
6034,80
6035,56
6036,26
6037,81
6038,55
6039,6
6040,97
6041,51
6042,88
6043,16
6044,24
6045,57
6046,26
6047,8
6048,26
6049,11
6050,20
6051,26
6052,29
6053,27
6054,15
6055,88
6056,55
6057,7
6058,16
6059,8
6060,81
6061,81
6062,4
6063,71
6064,24
6065,33
6066,23
6067,27
6068,17
6069,36
6070,19
6071,9
6072,24
6073,80
6074,4
6075,20
6076,4
6077,20
6078,3
6079,25
6080,7
6081,6
6082,22
6083,53
6084,41
6085,37
6086,45
6087,19
6088,24
6089,31
6090,38
6091,11
6092,84
6093,40
6094,44
6095,30
6096,20
6097,35
6098,45
6099,25
6100,8
6101,8
6102,14
6103,47
6104,10
6105,72
6106,34
6107,9
6108,6
6109,3
6110,18
6111,4
6112,19
6113,10
6114,7
6115,7
6116,27
6117,30
6118,41
6119,16
6120,6
6121,56
6122,32
6123,21
6124,33
6125,32
6126,17
6127,24
6128,23
6129,8
6130,6
6131,8
6132,16
6133,15
6134,18
6135,8
6136,18
6137,6
6138,15
6139,252
6140,18
6141,20
6142,82
6143,16
6144,27
6145,21
6146,8
6147,27
6148,168
6149,2
6150,4
6151,80
6152,68
6153,26
6154,12
6155,45
6156,270
6157,139
6158,378
6159,358
6160,4
6161,40
6162,150
6163,5
6164,0.8
6165,2
6166,106
6167,1530
6168,528
6169,720
6170,119
6171,39
6172,10
6173,1260
6174,30
6175,40
6176,500
6177,2400
6178,1.2
6179,7
6180,37
6181,8åˆ†
6182,88
6183,38
6184,50
6185,2270
6186,53
6187,4360
6188,560
6189,463
6190,253
6191,185
6192,425
6193,150
6194,20
6195,1400
6196,480
6197,5100
6198,1008
6199,36
6200,48
6201,48
6202,12
6203,72
6204,35
6205,20
6206,136
6207,11
6208,100
6209,16
6210,78
6211,126
6212,244
6213,164
6214,142
6215,270
6216,90
6217,100
6218,36
6219,4
6220,477
6221,896
6222,129
6223,39
6224,16
6225,9
6226,52
6227,9
6228,9
6229,72
6230,315
6231,362
6232,2
6233,220
6234,14
6235,2200
6236,98
6237,96
6238,113
6239,22
6240,360
6241,33
6242,210
6243,5
6244,6
6245,535
6246,280
6247,46
6248,395
6249,165
6250,5
6251,5
6252,102
6253,200
6254,36
6255,124
6256,82
6257,100
6258,2
6259,225
6260,11
6261,69
6262,110
6263,2696
6264,91
6265,35
6266,101
6267,16
6268,21
6269,540
6270,4000
6271,220
6272,140
6273,77
6274,51.2
6275,1100
6276,1
6277,63
6278,250
6279,4
6280,5
6281,344
6282,186
6283,10
6284,35.7
6285,1.02
6286,3.7
6287,21
6288,35
6289,32
6290,32
6291,735
6292,17.6
6293,48.9
6294,56
6295,3
6296,960
6297,75
6298,102.38
6299,55.2
6300,26.4
6301,12
6302,307
6303,270
6304,64
6305,165
6306,14910
6307,315
6308,6
6309,74
6310,181
6311,64
6312,50
6313,21
6314,70
6315,30
6316,12
6317,45
6318,9500
6319,400
6320,250
6321,6.4
6322,4410
6323,308
6324,5
6325,66
6326,6
6327,115
6328,260
6329,30
6330,6000
6331,7680
6332,710
6333,11460
6334,4800
6335,696
6336,125
6337,900
6338,9
6339,40
6340,160
6341,48
6342,160
6343,560
6344,2220
6345,4
6346,6
6347,6
6348,48
6349,2
6350,20
6351,3600
6352,13
6353,8
6354,500
6355,5
6356,12
6357,1207
6358,16
6359,15
6360,18
6361,112
6362,12570
6363,30
6364,9
6365,4/5
6366,4.8
6367,6
6368,441
6369,696
6370,30
6371,24
6372,45.3
6373,4/5
6374,10
6375,49
6376,1374
6377,1896
6378,57.6
6379,10
6380,14
6381,20
6382,12
6383,7000
6384,2
6385,140
6386,78
6387,6000
6388,27
6389,1.8
6390,75
6391,0.6
6392,4
6393,13.5
6394,100
6395,35
6396,3360
6397,5
6398,3.4
6399,1400
6400,182
6401,2000
6402,25
6403,6
6404,200
6405,200
6406,750
6407,846
6408,760
6409,20000
6410,15000
6411,0.7
6412,1000
6413,350
6414,1
6415,198.58
6416,140.1
6417,62.4
6418,2340
6419,20
6420,540
6421,207
6422,1980
6423,45
6424,115
6425,11
6426,775
6427,180
6428,7
6429,26
6430,13.5
6431,8.2
6432,35
6433,300
6434,110
6435,60
6436,180
6437,4050
6438,19
6439,16
6440,1200
6441,æ²¡æœ‰
6442,8
6443,50
6444,40
6445,86.1
6446,3.02
6447,181.8
6448,9
6449,65
6450,174.72
6451,32
6452,38
6453,37
6454,72
6455,108.8
6456,600
6457,4.6
6458,120
6459,648
6460,120
6461,5
6462,40
6463,105
6464,2000
6465,80
6466,22
6467,10
6468,23
6469,21
6470,20
6471,30
6472,32
6473,12
6474,7
6475,4_1/3
6476,33
6477,9
6478,4
6479,40
6480,60
6481,25
6482,48
6483,3386
6484,19
6485,300
6486,9
6487,49
6488,480
6489,24
6490,4
6491,140
6492,150
6493,84
6494,8
6495,62.8
6496,169
6497,246.6
6498,24.2
6499,24.2
6500,44
6501,10
6502,6
6503,4_1/3
6504,24
6505,600
6506,134
6507,180
6508,95
6509,16
6510,45
6511,140
6512,48
6513,325
6514,368
6515,8
6516,242
6517,280
6518,9.05
6519,875
6520,15
6521,1664
6522,5
6523,1.83
6524,8
6525,5
6526,240
6527,11.5
6528,76
6529,91
6530,1050
6531,832.5
6532,32
6533,6
6534,11700
6535,90
6536,176
6537,54
6538,170
6539,48
6540,150
6541,25
6542,1800
6543,222
6544,5
6545,14380
6546,2000
6547,100
6548,161
6549,375
6550,37
6551,1872
6552,206
6553,10
6554,4
6555,648
6556,133
6557,150
6558,78
6559,4
6560,20
6561,732
6562,0.25
6563,16
6564,616
6565,35
6566,48
6567,17.6
6568,22875
6569,80
6570,150
6571,45
6572,1800
6573,900
6574,12
6575,1908
6576,1000
6577,157.2
6578,4410
6579,8
6580,40
6581,340
6582,85
6583,2520
6584,4
6585,10
6586,576
6587,36
6588,40.83
6589,8
6590,1536
6591,1330
6592,50
6593,140
6594,900
6595,65
6596,196
6597,6.2
6598,306
6599,2730
6600,2608
6601,2250
6602,52
6603,320
6604,38
6605,201
6606,18750
6607,120
6608,18.5
6609,18
6610,40
6611,248
6612,4
6613,24
6614,240
6615,1050
6616,624
6617,789
6618,42
6619,334
6620,6
6621,9
6622,4
6623,576
6624,1320
6625,6000
6626,16560
6627,519
6628,600
6629,60
6630,832
6631,12.2
6632,60
6633,67
6634,110
6635,6.5
6636,45
6637,25
6638,24
6639,23800
6640,60
6641,2.5
6642,1585
6643,30
6644,552
6645,2
6646,11000
6647,6960
6648,14470
6649,24
6650,324
6651,128
6652,40
6653,615
6654,191
6655,10.1
6656,23
6657,18
6658,175
6659,540
6660,15
6661,266
6662,4.5
6663,5
6664,275
6665,8
6666,114
6667,824
6668,150
6669,27
6670,1050
6671,1872
6672,60
6673,77
6674,138
6675,231
6676,27
6677,424
6678,3600
6679,670
6680,40
6681,1680
6682,524
6683,21
6684,1206
6685,160
6686,525
6687,4200
6688,294
6689,768
6690,4.5
6691,52
6692,2.1
6693,560
6694,240
6695,56
6696,6
6697,2850
6698,1152
6699,10.3
6700,47
6701,600
6702,980
6703,13
6704,4840
6705,40
6706,45
6707,25
6708,17.76
6709,1331.85
6710,18000
6711,10
6712,67
6713,8
6714,5
6715,7
6716,16
6717,17
6718,18
6719,23
6720,85
6721,3216
6722,500
6723,300
6724,248
6725,880
6726,80
6727,5
6728,18
6729,0.3
6730,21
6731,30
6732,8
6733,12
6734,19
6735,48
6736,52
6737,89
6738,24
6739,96
6740,10
6741,41
6742,11
6743,2
6744,12
6745,15
6746,2
6747,3
6748,30
6749,32
6750,21
6751,4
6752,29
6753,35
6754,36
6755,80
6756,37
6757,8
6758,29
6759,17
6760,35
6761,45
6762,6
6763,20
6764,4
6765,36
6766,4
6767,30
6768,4
6769,4
6770,6
6771,6
6772,19
6773,60
6774,20
6775,5
6776,9
6777,19
6778,2
6779,17
6780,11
6781,17
6782,45
6783,43
6784,18
6785,72
6786,4
6787,50
6788,8
6789,60
6790,87
6791,6
6792,18
6793,79
6794,54
6795,10
6796,40
6797,24
6798,35
6799,49
6800,61
6801,30
6802,165
6803,22
6804,16
6805,114
6806,40
6807,100
6808,10
6809,27
6810,37
6811,46
6812,50
6813,42
6814,33
6815,47
6816,9
6817,25
6818,47
6819,81
6820,37
6821,11
6822,31
6823,23
6824,7
6825,33
6826,30
6827,38
6828,12
6829,28
6830,33
6831,80
6832,57
6833,14
6834,36
6835,38
6836,46
6837,16
6838,24
6839,12
6840,5
6841,35
6842,7
6843,6
6844,13
6845,12
6846,12
6847,18
6848,4
6849,18
6850,14
6851,17
6852,10
6853,9
6854,12000
6855,17
6856,9
6857,8
6858,18.72928
6859,178
6860,1340
6861,60
6862,200
6863,8100
6864,640
6865,8
6866,28
6867,95%
6868,1792
6869,1100
6870,128
6871,288
6872,790
6873,1500
6874,3600
6875,144
6876,12
6877,6
6878,260
6879,60
6880,150
6881,750
6882,108
6883,16
6884,200
6885,440
6886,220
6887,800
6888,48
6889,7.9
6890,53
6891,48
6892,112
6893,45
6894,6
6895,294
6896,512
6897,4200
6898,565.2
6899,4500
6900,36
6901,0.8
6902,1884
6903,78
6904,1
6905,204
6906,9
6907,56
6908,59
6909,625
6910,37
6911,624
6912,45
6913,96%
6914,93.75%
6915,2
6916,21.98
6917,10
6918,729
6919,21.6
6920,147
6921,432
6922,3
6923,27
6924,3025
6925,32
6926,14
6927,30000
6928,37.68
6929,1296
6930,7245
6931,3.6
6932,120
6933,40
6934,2.5
6935,13
6936,9
6937,40
6938,13
6939,4
6940,25%
6941,200
6942,60
6943,115%
6944,90.5
6945,28
6946,15
6947,3
6948,55
6949,37.5
6950,40
6951,301.44
6952,30
6953,60
6954,5.3
6955,57
6956,20
6957,1.2
6958,9
6959,21.1987
6960,125
6961,96
6962,7500
6963,304
6964,5
6965,10
6966,24
6967,282.96
6968,20
6969,30
6970,24
6971,14
6972,7.2
6973,12
6974,36
6975,160
6976,14
6977,16
6978,96
6979,40
6980,27
6981,14.29%
6982,1800
6983,6000
6984,15/37
6985,46
6986,216
6987,160
6988,200
6989,35
6990,5400
6991,1600
6992,108
6993,30
6994,270
6995,2400
6996,950
6997,5.28
6998,300
6999,660
7000,6
7001,1.0
7002,5
7003,20
7004,16
7005,12
7006,25
7007,180
7008,25%
7009,4.8
7010,60
7011,31.13
7012,150
7013,240
7014,118
7015,30648
7016,1500
7017,2.56
7018,3360
7019,1560
7020,50
7021,53.38
7022,100
7023,48
7024,5
7025,60
7026,180
7027,2.602
7028,20%
7029,192.5
7030,200
7031,20
7032,11056
7033,120
7034,25%
7035,64
7036,24/5
7037,10%
7038,256
7039,735
7040,2_8/9
7041,780
7042,520
7043,390
7044,60
7045,9
7046,270
7047,96
7048,30
7049,3
7050,158
7051,154
7052,18
7053,2
7054,16
7055,120
7056,84.78
7057,5
7058,18
7059,280
7060,95%
7061,15
7062,26.7
7063,38400
7064,27
7065,3.7
7066,3000
7067,1.52
7068,12
7069,42
7070,10.56
7071,5
7072,350
7073,5
7074,22.5%
7075,24
7076,440
7077,40
7078,2500
7079,1.5
7080,21.6
7081,480
7082,60
7083,1020
7084,12
7085,12
7086,192
7087,2.9
7088,12
7089,35
7090,96
7091,100
7092,9
7093,324
7094,80
7095,480
7096,10
7097,60
7098,53.592
7099,0.4
7100,401
7101,960
7102,39
7103,6
7104,3
7105,459
7106,1570
7107,2500
7108,15
7109,70
7110,1/2
7111,22
7112,21.195
7113,15
7114,60
7115,60
7116,640
7117,251.2
7118,1884
7119,56
7120,8
7121,1168.7
7122,55
7123,124
7124,32
7125,6
7126,540
7127,85
7128,60
7129,80
7130,12.56
7131,5
7132,48
7133,200
7134,188
7135,13
7136,120
7137,60
7138,100
7139,59
7140,2.62
7141,0.66
7142,600
7143,11.8%
7144,3
7145,5
7146,81%
7147,33.3%
7148,8
7149,20
7150,6
7151,8
7152,220
7153,4
7154,60
7155,500
7156,110
7157,58
7158,115.7
7159,6
7160,48
7161,2500
7162,5
7163,3
7164,128
7165,0.5
7166,3560
7167,240
7168,90
7169,24
7170,1
7171,10
7172,128
7173,60%
7174,33.3%
7175,45
7176,11
7177,1000
7178,50
7179,235.2
7180,1570
7181,522.5
7182,1400
7183,555
7184,2.8
7185,72
7186,5
7187,768
7188,12
7189,38
7190,97
7191,480
7192,225
7193,92392
7194,6720
7195,3.4
7196,2400
7197,144
7198,12
7199,36
7200,6
7201,9
7202,6560
7203,108
7204,4
7205,136
7206,160
7207,17
7208,9600
7209,432
7210,324
7211,18.2
7212,48
7213,5
7214,5
7215,125.6
7216,792
7217,50.24
7218,15.7
7219,705
7220,9
7221,2144
7222,21
7223,17.5%
7224,200
7225,15
7226,3.9
7227,13
7228,32
7229,20
7230,25%
7231,520
7232,300
7233,8
7234,5
7235,90
7236,23.65
7237,100
7238,110
7239,1
7240,6
7241,208
7242,41
7243,600
7244,5
7245,630
7246,73
7247,2.4
7248,168
7249,2000
7250,2880
7251,7
7252,36
7253,270
7254,300
7255,97
7256,1
7257,340
7258,1600
7259,184
7260,60
7261,60
7262,36
7263,140
7264,800
7265,125
7266,792
7267,1200
7268,5.8
7269,3400
7270,2.512
7271,113.04
7272,30
7273,300
7274,20
7275,30
7276,200
7277,450
7278,600
7279,400
7280,25
7281,80
7282,240
7283,10%
7284,30
7285,15
7286,19.2
7287,9
7288,5
7289,200
7290,276
7291,3300
7292,55
7293,135
7294,2000
7295,186.6
7296,240
7297,150
7298,232
7299,52.0
7300,40
7301,7/8
7302,15
7303,120
7304,22500
7305,20
7306,54
7307,600
7308,210
7309,3.2
7310,70
7311,5
7312,54
7313,240
7314,108.75
7315,72
7316,45
7317,251.2
7318,696
7319,2156.36
7320,26
7321,75
7322,501
7323,500
7324,83.3
7325,3
7326,2800
7327,0.8
7328,1008
7329,16
7330,10.8
7331,120
7332,2.355
7333,400
7334,300
7335,120
7336,29760
7337,1.5
7338,9
7339,117
7340,45.025
7341,56
7342,13
7343,6
7344,216
7345,20
7346,486.5
7347,225
7348,39.26
7349,140
7350,90
7351,22
7352,60
7353,200
7354,1000
7355,660
7356,111.77
7357,284
7358,21/5
7359,59
7360,12
7361,940
7362,778
7363,8
7364,65
7365,44
7366,4500
7367,1200
7368,2000
7369,68
7370,12
7371,2
7372,192
7373,48
7374,72
7375,40/9
7376,1/5
7377,53.76
7378,50
7379,202.56
7380,440
7381,1250
7382,5000
7383,15
7384,5
7385,125.38
7386,127.32
7387,2000
7388,0.13
7389,14.25
7390,6
7391,150
7392,10
7393,314
7394,400
7395,520
7396,888
7397,70
7398,12
7399,60
7400,64
7401,5
7402,7
7403,48
7404,20
7405,600
7406,6.5
7407,9
7408,9.5
7409,250
7410,98
7411,7
7412,60
7413,125
7414,65
7415,4
7416,2
7417,å¤Ÿ
7418,195
7419,2
7420,50
7421,7
7422,9
7423,72
7424,192
7425,450
7426,36
7427,9
7428,200
7429,3600
7430,95%
7431,480
7432,42
7433,4
7434,76
7435,270
7436,186
7437,12
7438,24
7439,6
7440,1800
7441,4
7442,120
7443,0.8
7444,16.625
7445,1.6
7446,15
7447,180
7448,7200
7449,7500
7450,12.56
7451,10
7452,21
7453,110
7454,4
7455,27
7456,37.5%
7457,24
7458,3.04
7459,4.8
7460,500
7461,360
7462,44
7463,4000
7464,8.5
7465,360
7466,520
7467,100
7468,125
7469,15
7470,157
7471,4.02
7472,20
7473,0.1
7474,153
7475,15
7476,490
7477,5
7478,55
7479,8
7480,31
7481,48
7482,140
7483,400
7484,5250
7485,240
7486,474
7487,27
7488,8
7489,4800
7490,10
7491,399
7492,52
7493,80
7494,90
7495,24
7496,12
7497,445
7498,3.3
7499,12
7500,7.398
7501,3.5
7502,3200
7503,3
7504,3000
7505,118
7506,32
7507,1440
7508,60
7509,200
7510,24/7
7511,762
7512,2550
7513,35
7514,102
7515,450
7516,68
7517,565
7518,3
7519,2
7520,1225
7521,630
7522,1500
7523,16
7524,744
7525,172.8
7526,12600
7527,6750000
7528,5
7529,12
7530,120
7531,60
7532,18
7533,480
7534,2240
7535,452.72
7536,150
7537,53.6
7538,40
7539,2.8
7540,75
7541,11.5
7542,1224
7543,30
7544,45
7545,125.6
7546,40
7547,62.8
7548,675
7549,84.78
7550,80
7551,314
7552,65
7553,86
7554,78
7555,840
7556,16
7557,180
7558,46
7559,9
7560,30
7561,15
7562,240
7563,147
7564,40
7565,480
7566,99
7567,13.5
7568,5700
7569,570
7570,10
7571,6
7572,25.72
7573,24
7574,9000
7575,3
7576,4
7577,94.2
7578,24.6
7579,2/3
7580,200
7581,138
7582,29.4
7583,180
7584,15
7585,900
7586,1.25
7587,36
7588,40
7589,182
7590,240
7591,17
7592,20
7593,15
7594,40
7595,3309
7596,61
7597,106
7598,162
7599,45
7600,5
7601,10
7602,74.4
7603,12
7604,12
7605,172
7606,512
7607,125
7608,40
7609,35
7610,120
7611,6.8
7612,34
7613,52
7614,2.56
7615,2.16
7616,1
7617,5
7618,36
7619,24
7620,12
7621,6
7622,10
7623,12
7624,0.13
7625,144
7626,64
7627,57.5
7628,36.55
7629,0.6
7630,5.37
7631,3.8
7632,343
7633,420
7634,90
7635,85%
7636,800
7637,14.5
7638,230
7639,60
7640,0.1632
7641,3/5
7642,5/8
7643,8
7644,20
7645,20
7646,72/100
7647,18
7648,1/2
7649,1/7
7650,2240
7651,3000
7652,0.03
7653,1.1
7654,36
7655,2400
7656,19/20
7657,64
7658,20
7659,10.4
7660,960
7661,31.8
7662,7/5
7663,3/8
7664,2
7665,1/5
7666,1/6
7667,17500
7668,9
7669,82
7670,41
7671,66
7672,12
7673,12
7674,6
7675,505
7676,4
7677,2328
7678,13/40
7679,1.62
7680,16.2
7681,3968
7682,4800
7683,6
7684,75
7685,22
7686,800
7687,545.6
7688,17/35
7689,28
7690,1800
7691,80
7692,8280
7693,19/10
7694,3
7695,534
7696,9.9
7697,24
7698,4
7699,26
7700,11
7701,260
7702,7
7703,9.5
7704,13.35
7705,17/10
7706,3045
7707,63
7708,28
7709,152
7710,72
7711,1/10
7712,10
7713,19/24
7714,3
7715,72
7716,49
7717,6.3
7718,5/24
7719,20
7720,17
7721,44.8
7722,85
7723,240
7724,1350
7725,7
7726,4/5
7727,15.8
7728,240
7729,6
7730,140
7731,882
7732,5.4
7733,0.2
7734,280
7735,168.75
7736,12.5
7737,6
7738,80
7739,60
7740,76
7741,1350
7742,36
7743,85
7744,520
7745,280
7746,38
7747,13.5
7748,194
7749,78
7750,3
7751,700
7752,1.8
7753,530
7754,2.5
7755,1.55
7756,10
7757,720
7758,195
7759,1/2
7760,5
7761,13.4
7762,400
7763,125
7764,4
7765,6
7766,12
7767,32000
7768,28
7769,168
7770,224
7771,2865
7772,9/20
7773,200
7774,54
7775,236
7776,1340
7777,45
7778,12
7779,60
7780,3.4
7781,1200
7782,3
7783,14
7784,220
7785,10
7786,19
7787,180
7788,1800
7789,1500
7790,89.65
7791,26
7792,232
7793,3/7
7794,15
7795,15
7796,16
7797,2/5
7798,1260
7799,4320
7800,475
7801,90
7802,9500
7803,1/4
7804,30
7805,22
7806,10
7807,186
7808,500
7809,18
7810,3
7811,80
7812,0.5
7813,30
7814,4
7815,600
7816,1/5
7817,14
7818,240
7819,255
7820,5
7821,9/10
7822,5416
7823,972
7824,0.02
7825,12
7826,10
7827,1/15
7828,800
7829,30
7830,72
7831,630
7832,60
7833,24
7834,0.093
7835,34
7836,13/40
7837,15
7838,600
7839,39
7840,114
7841,1/2
7842,4
7843,25
7844,200
7845,4
7846,3.4
7847,135
7848,48
7849,350
7850,å¤Ÿ
7851,3/4
7852,570
7853,7
7854,16
7855,2/5
7856,4
7857,4_7/8
7858,48
7859,260
7860,32
7861,15/2/7
7862,404
7863,3
7864,10.2
7865,17
7866,440
7867,9
7868,40/9
7869,3
7870,180
7871,3/4
7872,12
7873,12.6
7874,28
7875,1/10
7876,2
7877,7
7878,50
7879,12
7880,1/4
7881,150
7882,62.5
7883,3/5
7884,1/10
7885,3/5
7886,96
7887,5/6
7888,12
7889,9
7890,8
7891,2
7892,3
7893,900
7894,181
7895,70
7896,91948
7897,50
7898,400
7899,4
7900,12
7901,128
7902,5
7903,20
7904,5.42
7905,6
7906,680
7907,150
7908,24/7
7909,1/5
7910,8
7911,20
7912,1
7913,79.2
7914,2520
7915,3/16
7916,10
7917,96
7918,1/5
7919,864
7920,9/20
7921,12.8
7922,1/4
7923,1/4
7924,7
7925,270
7926,150
7927,3600
7928,3
7929,240
7930,50
7931,115
7932,1/2
7933,24
7934,77
7935,5/8
7936,3/5
7937,3/5
7938,1000
7939,8
7940,7
7941,5
7942,1/2
7943,6
7944,300
7945,42
7946,2.2
7947,15
7948,40
7949,40
7950,20
7951,20
7952,12
7953,5
7954,128
7955,86
7956,56
7957,3060
7958,3.5
7959,1300
7960,9/10
7961,15
7962,25
7963,1000
7964,6000
7965,6
7966,10
7967,15
7968,1950
7969,55
7970,210
7971,6
7972,624
7973,1
7974,4
7975,290
7976,15
7977,5000
7978,22
7979,4
7980,44
7981,336
7982,50
7983,1600
7984,26
7985,68
7986,4
7987,112.5
7988,480
7989,14400
7990,294
7991,72
7992,3
7993,1200
7994,193
7995,3
7996,60
7997,1900
7998,2/7
7999,42
